Repo,Link,Archived,Creation Date,Topics,#Star,#Watch,#Fork,#Releases,#Contributors,Languages,Size,#Open Issues,#Pull Requests,#Branches,#Tags,#Commits,#Comments,#Downloads,#Deployments,,,,,,,,,
ihmeuw-msca/CurveFit,https://github.com/ihmeuw-msca/CurveFit,FALSE,3/22/2020 6:08,"['mixed-effects', 'curve-fitting', 'covid-19']",191,16,58,1,8,Python,2133,2,2,8,4,383,0,0,21,,,,,,,,,
evandez/neuron-descriptions,https://github.com/evandez/neuron-descriptions,FALSE,3/30/2021 18:29,"['interpretability', 'machine-learning', 'research', 'computer-vision', 'pytorch', 'deep-learning']",36,2,4,0,3,Python,3181,6,0,1,2,899,0,0,0,,,,,,,,,
pveller/orolo,https://github.com/pveller/orolo,FALSE,5/30/2018 3:19,[],10,2,0,0,1,TypeScript,1225,0,0,1,1,20,0,0,0,,,,,,,,,
linuxscout/adawat,https://github.com/linuxscout/adawat,FALSE,1/8/2019 20:00,[],20,3,4,0,1,Python,82,0,0,1,0,9,0,0,0,,,,,,,,,
lovac42/SpellingPolice,https://github.com/lovac42/SpellingPolice,FALSE,7/13/2019 23:01,"['anki', 'anki-addon']",5,4,4,1,2,Python,403,5,0,1,5,24,0,0,0,,,,,,,,,
dusanmilosavljevic1624/homm3-calc,https://github.com/dusanmilosavljevic1624/homm3-calc,FALSE,11/23/2019 23:30,[],8,2,0,1,2,JavaScript,2180,17,17,18,1,129,0,0,46,,,,,,,,,
nutjob-laboratories/erk,https://github.com/nutjob-laboratories/erk,FALSE,7/18/2019 4:27,"['python', 'python3', 'qt5', 'twisted', 'irc', 'irc-client', 'erk', 'pyqt5', 'gui-application', 'gui', 'plugins', 'open-source', 'gplv3', 'windows', 'linux', 'linux-app', 'windows-app', 'scripting', 'emoji']",21,6,12,14,1,Python,733079,1,0,1,14,1345,0,0,0,,,,,,,,,
wamp-proto/wamp-xbr,https://github.com/wamp-proto/wamp-xbr,FALSE,11/15/2017 0:26,"['ethereum-dapp', 'wamp', 'wamp-protocol', 'crossbar', 'autobahn', 'data-markets']",9,7,14,0,7,Solidity,35762,42,0,2,22,350,0,0,27,,,,,,,,,
akbokha/parallel-corpus-filtering,https://github.com/akbokha/parallel-corpus-filtering,FALSE,4/15/2019 15:04,[],5,2,0,0,1,Shell,572656,1,0,1,0,152,0,0,0,,,,,,,,,
LiKev12/CSE544T-Project-TextBugger,https://github.com/LiKev12/CSE544T-Project-TextBugger,FALSE,1/27/2020 23:26,[],8,2,3,0,1,Python,32203,0,0,1,0,29,0,0,0,,,,,,,,,
giseldo/chatbot_BTA_BPMN_to_AIML,https://github.com/giseldo/chatbot_BTA_BPMN_to_AIML,FALSE,9/18/2019 3:55,"['aiml', 'chatbot', 'python', 'bpmn']",13,4,3,0,1,Python,16523,5,3,5,2,407,0,0,4,,,,,,,,,
luckystarufo/pySINDy,https://github.com/luckystarufo/pySINDy,FALSE,12/3/2018 1:11,[],66,6,26,0,4,Python,96425,13,11,13,0,75,0,0,0,,,,,,,,,
hctnm1/Hacky-Py,https://github.com/hctnm1/Hacky-Py,FALSE,10/2/2022 14:48,"['beginner-friendly', 'hacktoberfest', 'hacktoberfest-accepted', 'hacktoberfest2022', 'python']",53,1,164,0,141,Jupyter Notebook,14817,6,6,1,0,402,0,0,0,,,,,,,,,
marcocastignoli/boardgame,https://github.com/marcocastignoli/boardgame,FALSE,4/15/2021 0:13,[],12,2,0,0,1,JavaScript,351,0,0,1,0,22,0,0,0,,,,,,,,,
TheChameleonBot/Chameleon,https://github.com/TheChameleonBot/Chameleon,FALSE,3/22/2018 18:03,['hacktoberfest'],17,5,23,0,5,Python,278,13,1,3,0,183,0,0,0,,,,,,,,,
eepMoody/open5e-api,https://github.com/eepMoody/open5e-api,FALSE,1/19/2019 21:23,[],88,9,50,0,18,Python,19534,21,2,18,0,334,1,0,61,,,,,,,,,
ExpressAI/DataLab,https://github.com/ExpressAI/DataLab,FALSE,1/8/2022 15:55,[],85,11,16,0,18,Python,62113,68,0,131,0,1179,0,0,13,,,,,,,,,
FundamentalFrequency/juce-aarch64-linux-cross-compiler,https://github.com/FundamentalFrequency/juce-aarch64-linux-cross-compiler,FALSE,5/26/2022 23:57,[],14,1,3,0,1,Python,651694,1,1,1,0,3,0,0,0,,,,,,,,,
jessepisel/New-Mexico-Oil-Conservation-Division,https://github.com/jessepisel/New-Mexico-Oil-Conservation-Division,FALSE,11/2/2017 21:08,[],6,2,2,0,1,Jupyter Notebook,77,0,0,2,0,7,0,0,0,,,,,,,,,
DBAdventure/web,https://github.com/DBAdventure/web,FALSE,1/15/2018 15:01,[],13,1,2,0,3,Vue,60634,11,4,5,0,277,0,0,0,,,,,,,,,
farbenmeer/ausguck,https://github.com/farbenmeer/ausguck,FALSE,2/8/2019 12:58,"['lightning-talk', 'mdx', 'javascript', 'js', 'learn', 'learning', 'learn-to-code']",7,4,1,0,10,JavaScript,43236,4,1,7,0,273,0,0,154,,,,,,,,,
hilalbenzer/turkish-sentiment-analysis,https://github.com/hilalbenzer/turkish-sentiment-analysis,FALSE,5/13/2018 8:11,[],22,4,11,0,2,Python,21041,0,0,1,0,44,0,0,0,,,,,,,,,
ogozuacik/automated_essay_scoring,https://github.com/ogozuacik/automated_essay_scoring,FALSE,1/10/2019 14:48,"['natural-language-processing', 'machine-learning', 'essay-grader', 'text-mining']",5,1,1,0,1,Jupyter Notebook,6574,0,0,1,0,5,0,0,0,,,,,,,,,
clp-research/deep_disfluency,https://github.com/clp-research/deep_disfluency,FALSE,1/10/2017 20:38,[],53,7,21,0,2,Python,178977,7,2,1,0,76,0,0,0,,,,,,,,,
dev-saw99/WordProcessor,https://github.com/dev-saw99/WordProcessor,FALSE,10/4/2019 18:29,"['wordprocessor', 'pyqt5', 'python', 'python3', 'nltk', 'nltk-python', 'nltk-grammar', 'spellchecker', 'spelling-correction', 'spell-check', 'spelling-corrector']",7,2,3,0,3,Python,430,1,0,1,0,20,0,0,0,,,,,,,,,
rovermicrover/siralim-ultimate-api,https://github.com/rovermicrover/siralim-ultimate-api,FALSE,9/16/2021 23:53,[],9,2,6,0,3,Python,4490,2,1,2,0,186,0,0,0,,,,,,,,,
spellml/deeplab-voc-2012,https://github.com/spellml/deeplab-voc-2012,FALSE,6/4/2020 20:48,[],29,4,7,0,1,Jupyter Notebook,129,1,1,2,0,28,0,0,0,,,,,,,,,
jonatasgrosman/wav2vec2-sprint,https://github.com/jonatasgrosman/wav2vec2-sprint,FALSE,3/22/2021 19:56,[],66,4,12,0,1,Jupyter Notebook,613,8,0,1,0,119,0,0,0,,,,,,,,,
Iamtripathisatyam/Marvin-Assistant,https://github.com/Iamtripathisatyam/Marvin-Assistant,FALSE,5/1/2021 13:18,"['python3', 'python', 'projects', 'readme', 'readme-md', 'assistant', 'git', 'github', 'code', 'open-source', 'open-source-', 'open-source-project', 'mini-assistant']",5,1,4,0,2,Python,2087,0,0,1,0,87,0,0,0,,,,,,,,,
wtetsu/mouse-dictionary,https://github.com/wtetsu/mouse-dictionary,FALSE,6/11/2017 11:46,"['chrome-extension', 'firefox-extension', 'javascript', 'english', 'english-dictionary', 'japanese', 'japanese-dictionary', 'english-study', 'japanese-study']",847,15,45,63,9,TypeScript,16044,14,1,7,63,1284,9,0,0,,,,,,,,,
BloomTech-Labs/scribble-stadium-ds,https://github.com/BloomTech-Labs/scribble-stadium-ds,FALSE,2/8/2021 14:11,"['labspt19', 'labspt21']",13,23,38,0,53,Jupyter Notebook,1083134,0,0,7,0,405,3,0,0,,,,,,,,,
ansegura7/NLP,https://github.com/ansegura7/NLP,FALSE,6/4/2019 13:41,"['nlp', 'python', 'spacy', 'gensim', 'word2vec', 'wordcloud', 'spellchecker', 'text-processing', 'stanza', 'stanford-corenlp']",76,3,15,1,1,HTML,114885,0,0,2,1,76,0,0,67,,,,,,,,,
daviseford/aos-reminders,https://github.com/daviseford/aos-reminders,FALSE,5/11/2019 22:23,[],47,8,40,66,30,TypeScript,113698,43,2,8,71,1023,3,0,0,,,,,,,,,
Isarhamster/chessx,https://github.com/Isarhamster/chessx,FALSE,5/14/2020 20:09,"['chess', 'boardgame']",57,7,21,0,7,C++,72297,18,18,1,1,3062,4,0,1,,,,,,,,,
TEAM-EUPERLINE/Euperline,https://github.com/TEAM-EUPERLINE/Euperline,FALSE,7/29/2020 22:51,"['acikhack2', 'linkedin', 'euperline-linux-systems', 'term', 'terminal', 'terminal-based']",7,3,1,0,2,Shell,34688,0,0,1,0,32,0,0,0,,,,,,,,,
faultaddr/SceneLabel,https://github.com/faultaddr/SceneLabel,FALSE,5/13/2019 14:08,"['pyqt5-pyopengl', 'obb', 'pointcloud', 'labeling-tool']",7,1,1,2,1,Python,27867,0,0,1,2,40,0,0,0,,,,,,,,,
HARAMIS14/AIML-Basic-College-Enquiry-Chatbot,https://github.com/HARAMIS14/AIML-Basic-College-Enquiry-Chatbot,FALSE,1/22/2021 6:47,[],7,1,0,0,1,HTML,183,0,0,4,0,20,0,0,9,,,,,,,,,
grafana/oncall,https://github.com/grafana/oncall,FALSE,6/1/2022 14:05,"['alert', 'alerting', 'oncall', 'oncall-schedule', 'slack', 'telegram', 'grafana']",2325,106,103,43,41,Python,19228,158,28,51,50,1175,0,0,1,,,,,,,,,
forus-ai/KoGPT2-Lyrics-Generation-FineTuning-Version1,https://github.com/forus-ai/KoGPT2-Lyrics-Generation-FineTuning-Version1,FALSE,5/2/2020 10:16,"['korean-nlp', 'gpt-2']",17,2,8,0,1,Jupyter Notebook,1019,1,0,1,0,7,0,0,0,,,,,,,,,
terra819/lumos-the-christmas-tree,https://github.com/terra819/lumos-the-christmas-tree,FALSE,12/4/2019 15:49,[],5,3,1,0,1,Processing,5522,0,0,1,0,32,0,0,0,,,,,,,,,
dhmit/lang_learn,https://github.com/dhmit/lang_learn,FALSE,1/20/2021 16:37,[],7,5,2,0,16,JavaScript,3388,16,5,16,0,445,0,0,0,,,,,,,,,
osamhack2022/WEB_AI_MILIROUTINE_MILIROUTINE,https://github.com/osamhack2022/WEB_AI_MILIROUTINE_MILIROUTINE,FALSE,9/17/2022 6:51,"['hackathon-project', 'website', 'express', 'react-ts-tailwindcss']",5,1,7,0,5,TypeScript,100701,4,0,1,0,119,0,0,0,,,,,,,,,
GorvGoyl/Personal-Site-Gourav.io,https://github.com/GorvGoyl/Personal-Site-Gourav.io,FALSE,8/25/2020 16:21,"['nextjs', 'typescript', 'tailwindcss', 'mdx', 'vercel', 'reactjs', 'markdown', 'blog', 'personal-website', 'giscus', 'notion']",79,3,9,0,6,TypeScript,30546,1,0,9,0,502,17,0,533,,,,,,,,,
apache/felix-dev,https://github.com/apache/felix-dev,FALSE,2/24/2020 22:09,[],86,22,103,0,66,Java,79466,13,13,12,1174,16586,8,0,0,,,,,,,,,
Monogramm/erpnext_ocr,https://github.com/Monogramm/erpnext_ocr,FALSE,6/22/2019 15:22,"['frappe', 'erpnext', 'ocr', 'tesseract', 'python']",57,6,34,5,7,Python,1016,7,5,15,5,297,0,0,0,,,,,,,,,
callysto/curriculum-notebooks,https://github.com/callysto/curriculum-notebooks,FALSE,4/3/2018 11:01,"['jupyter-notebook', 'education', 'curriculum']",16,17,10,0,43,Jupyter Notebook,348782,1,1,1,0,1756,1,0,0,,,,,,,,,
chrisyeh96/cs224n-project,https://github.com/chrisyeh96/cs224n-project,FALSE,3/2/2017 19:17,[],8,4,1,0,2,Python,24298,0,0,1,0,263,0,0,0,,,,,,,,,
DLR-SC/repository-synergy,https://github.com/DLR-SC/repository-synergy,FALSE,5/8/2021 7:51,[],5,6,6,0,1,Jupyter Notebook,103486,1,0,1,0,8,0,0,0,,,,,,,,,
akulagrawal/File-Search-Engine,https://github.com/akulagrawal/File-Search-Engine,FALSE,3/10/2018 6:36,"['python3', 'search-engine', 'file-search', 'ranking-algorithm', 'okapi-bm25', 'file-indexing']",9,0,4,0,1,Prolog,19726,1,0,1,0,21,0,0,0,,,,,,,,,
dartrevan/ChemTextMining,https://github.com/dartrevan/ChemTextMining,FALSE,2/1/2017 10:57,[],22,1,3,0,1,Python,1666528,15,15,16,0,20,0,0,0,,,,,,,,,
MSR-LIT/SmartToDo,https://github.com/MSR-LIT/SmartToDo,FALSE,4/23/2020 19:19,[],5,5,1,0,1,Python,41706,2,0,2,0,11,0,0,0,,,,,,,,,
janakajain/medbot,https://github.com/janakajain/medbot,FALSE,10/10/2017 20:15,"['medical', 'chatbot', 'healthcare', 'machine', 'learning', 'natural-language-processing', 'artifical-intelligense']",15,2,10,0,3,Jupyter Notebook,78321,1,0,2,0,54,0,0,0,,,,,,,,,
Arize-ai/client_python,https://github.com/Arize-ai/client_python,FALSE,3/5/2020 23:04,"['ml-monitoring', 'model-monitoring', 'ai-monitoring', 'performance-monitoring', 'drift-monitoring', 'data-quality-monitoring', 'ml-observability', 'ai-observability', 'model-performance-management', 'model-explainability', 'ai-roi']",18,7,5,0,9,Python,53339,0,0,1,0,135,0,0,0,,,,,,,,,
donarmature/demisto-content,https://github.com/donarmature/demisto-content,FALSE,11/6/2019 20:47,[],7,1,2,0,100,Python,103463,20,20,21,0,16639,0,0,0,,,,,,,,,
shreyansh26/Multilingual-Spellchecker,https://github.com/shreyansh26/Multilingual-Spellchecker,FALSE,11/25/2018 6:41,"['spellchecker', 'multilingual']",5,2,1,0,1,Python,2447,0,0,1,0,9,0,0,0,,,,,,,,,
jinmang2/BoostCamp_AI_Tech_2,https://github.com/jinmang2/boostcamp_ai_tech_2,FALSE,7/11/2021 9:15,43,2,4,0,1,Python,118080,2,1,10,0,164,0,0,0,,,,,,,,,,
hongweizeng/Dialogue-Corpus,https://github.com/hongweizeng/Dialogue-Corpus,FALSE,5/16/2017 7:07,"['opensubtitles', 'dialogue', 'conversation', 'ubuntu-dialog-corpus', 'corpus']",27,2,3,0,1,Python,10,0,0,1,0,9,0,0,0,,,,,,,,,
adgirish/kaggleScape,https://github.com/adgirish/kaggleScape,FALSE,4/14/2018 18:52,[],10,2,5,0,1,Jupyter Notebook,27703,2,0,1,0,6,0,0,0,,,,,,,,,
colcon/colcon-ros,https://github.com/colcon/colcon-ros,FALSE,2/17/2018 4:02,[],13,8,26,0,10,Python,158,9,1,1,37,128,0,0,0,,,,,,,,,
MrBananaHuman/KorNlpTutorial,https://github.com/MrBananaHuman/KorNlpTutorial,FALSE,10/19/2020 12:14,[],108,6,21,0,1,Jupyter Notebook,20689,0,0,1,0,16,0,0,0,,,,,,,,,
spellml/paint-with-ml,https://github.com/spellml/paint-with-ml,FALSE,12/8/2019 0:54,[],64,4,5,0,2,Python,4138,8,8,10,0,71,0,0,5,,,,,,,,,
eduagarcia/meli-challenge-2019,https://github.com/eduagarcia/meli-challenge-2019,FALSE,10/4/2019 0:56,[],20,2,11,0,1,Jupyter Notebook,146,0,0,1,0,4,0,0,0,,,,,,,,,
pemagrg1/NLP-Flask-Website,https://github.com/pemagrg1/NLP-Flask-Website,FALSE,1/30/2019 9:53,"['python', 'python3', 'flask', 'flask-application', 'webapp', 'nlp', 'nlp-machine-learning', 'flask-website', 'nlp-website']",42,2,26,0,1,HTML,35213,3,3,1,0,36,0,0,0,,,,,,,,,
afcondon/purescript-d3-tagless,https://github.com/afcondon/purescript-d3-tagless,FALSE,1/27/2017 11:04,[],14,2,0,0,1,PureScript,923,1,0,1,1,79,0,0,0,,,,,,,,,
HeyOmae/OMA3,https://github.com/HeyOmae/OMA3,FALSE,9/8/2020 14:10,"['react', 'reactjs', 'nextjs', 'pwa', 'indexeddb', 'shadowrun-character-generator']",8,2,3,48,2,TypeScript,93502,7,6,6,48,1252,34,0,52,,,,,,,,,
whoosh-community/whoosh,https://github.com/whoosh-community/whoosh,FALSE,12/7/2018 4:34,[],207,14,32,0,31,Python,29168,133,6,8,24,1717,0,0,0,,,,,,,,,
Raibows/RSE-Adversarial-Defense,https://github.com/Raibows/RSE-Adversarial-Defense,FALSE,3/8/2020 5:36,[],8,2,0,0,1,Python,39,0,0,1,0,9,0,0,0,,,,,,,,,
zhimoe/mdict-py,https://github.com/zhimoe/mdict-py,FALSE,11/15/2020 13:17,[],11,2,3,0,1,Python,89922,0,0,2,0,8,0,0,0,,,,,,,,,
XLPRUtils/pyxllib,https://github.com/XLPRUtils/pyxllib,FALSE,11/2/2018 3:35,11,3,3,0,2,Python,3284,0,0,1,0,336,0,0,0,,,,,,,,,,
nailo2c/deeplog,https://github.com/nailo2c/deeplog,FALSE,3/9/2020 7:16,[],55,2,19,0,2,Python,5261,2,0,1,0,26,0,0,0,,,,,,,,,
JAIJANYANI/Automated-Resume-Screening-System,https://github.com/JAIJANYANI/Automated-Resume-Screening-System,FALSE,3/26/2018 10:09,"['machine-learning', 'python3', 'resume-analysis', 'dataset', 'datasets', 'resume', 'resume-app']",296,24,169,0,14,CSS,5789,15,4,4,0,57,1,0,0,,,,,,,,,
motazsaad/arabic-spell-check-py,https://github.com/motazsaad/arabic-spell-check-py,FALSE,8/29/2018 14:44,"['spell-check', 'python', 'hunspell', 'arabic-nlp']",9,2,3,0,1,Python,54055,0,0,1,0,18,0,0,0,,,,,,,,,
boostcampaitech3/final-project-level3-nlp-03,https://github.com/boostcampaitech3/final-project-level3-nlp-03,FALSE,4/8/2022 1:05,[],25,2,4,2,5,Jupyter Notebook,33540,0,0,16,2,209,0,0,0,,,,,,,,,
theiilab/LipType,https://github.com/theiilab/LipType,FALSE,1/12/2021 1:57,[],7,3,5,0,1,Python,1155,1,0,1,0,21,0,0,0,,,,,,,,,
ja-mcm/OCRfixr,https://github.com/ja-mcm/OCRfixr,FALSE,12/6/2020 18:24,[],8,1,2,0,0,Python,963,0,0,1,0,68,0,0,0,,,,,,,,,
AutumnCrocus/shadow_sim,https://github.com/AutumnCrocus/shadow_sim,FALSE,10/19/2019 6:50,"['shadowverse', 'machine-learning', 'simulator', 'emulator', 'ai', 'cardgame', 'dcg', 'self-play', 'deep', 'deep-learning', 'imitation-learning']",7,1,1,1,2,Python,608008,2,1,4,1,842,0,0,6,,,,,,,,,
SIMPATICOProject/SimpaticoTAEServer,https://github.com/SIMPATICOProject/SimpaticoTAEServer,FALSE,1/11/2017 13:10,[],7,8,2,0,5,Python,33691,25,19,22,1,116,0,0,0,,,,,,,,,
pemagrg1/Magic-Of-TFIDF,https://github.com/pemagrg1/Magic-Of-TFIDF,FALSE,4/6/2020 12:24,"['tfidf', 'python', 'tfidf-vectorizer', 'tfidfvectorizer', 'textclassification', 'text-clustering', 'nlp', 'text-similarity']",6,2,2,0,1,Jupyter Notebook,476,0,0,1,0,26,0,0,0,,,,,,,,,
pareksha/Friend-recommendation-system,https://github.com/pareksha/Friend-recommendation-system,FALSE,12/9/2017 11:42,[],14,2,2,0,1,Python,2749,0,0,1,0,9,0,0,0,,,,,,,,,
PacktPublishing/Interactive-Chatbots-with-TensorFlow-,https://github.com/PacktPublishing/Interactive-Chatbots-with-TensorFlow-,FALSE,1/25/2019 9:53,[],23,5,20,0,2,Jupyter Notebook,889,1,0,1,0,5,0,0,0,,,,,,,,,
percent4/-word-,https://github.com/percent4/-word-,FALSE,8/29/2018 13:03,[],37,1,17,0,1,Python,2927,0,0,1,0,7,0,0,0,,,,,,,,,
ham-radio-software/D-Rats,https://github.com/ham-radio-software/D-Rats,FALSE,4/3/2020 10:02,"['gpl3', 'python']",26,12,10,12,6,Python,2398,75,0,3,12,473,3,0,0,,,,,,,,,
hctnm2/OpenSourceEnthusiast,https://github.com/hctnm2/OpenSourceEnthusiast,FALSE,9/27/2022 16:38,"['beginner-friendly', 'hacktoberfest', 'hacktoberfest-accepted', 'hacktoberfest2022', 'hacktoberfestnepal', 'opensource', 'pull-requests']",51,0,117,0,112,Python,64149,4,4,1,0,356,0,0,120,,,,,,,,,
lordmauve/pgzero,https://github.com/lordmauve/pgzero,FALSE,2/25/2018 13:16,"['pygame', 'education', 'game-framework', 'python3']",436,25,149,0,41,Python,3805,104,20,5,12,440,1,0,0,,,,,,,,,
WomenWhoCode/WWCodeDataScience,https://github.com/WomenWhoCode/WWCodeDataScience,FALSE,4/12/2020 18:29,[],228,45,166,0,4,Jupyter Notebook,18367,2,0,1,0,61,0,0,0,,,,,,,,,
PhilippMDoerner/NimStoryFont,https://github.com/PhilippMDoerner/NimStoryFont,FALSE,1/3/2022 18:04,"['sqlite', 'orm', 'prologue-framework', 'rest']",5,1,0,0,1,Nim,5220,9,0,1,0,898,0,0,0,,,,,,,,,
Sarthakjain1206/Intelligent_Document_Finder,https://github.com/Sarthakjain1206/Intelligent_Document_Finder,FALSE,5/28/2020 6:50,"['search-engine', 'search-algorithm', 'ranking-algorithm', 'indexer', 'reverse-index', 'document-summarization', 'document-similarity', 'latent-dirichlet-allocation', 'text-summarization', 'spellchecker', 'webcrawler', 'scrapy', 'scrapy-spider', 'wikipedia-search', 'wikipedia-crawler', 'bm25']",52,4,11,0,2,Python,59079,11,9,8,0,58,0,0,0,,,,,,,,,
enescakir/university-projects,https://github.com/enescakir/university-projects,FALSE,4/18/2017 22:13,"['university', 'university-project', 'homework', 'bogazici-university', 'bogazici']",47,3,14,0,1,Java,23272,0,0,1,0,62,0,0,0,,,,,,,,,
awasthiabhijeet/PIE,https://github.com/awasthiabhijeet/PIE,FALSE,8/30/2019 6:40,"['grammatical-error-correction', 'sequence-transduction', 'bert', 'bert-model', 'bert-models', 'natural-language-processing', 'sequence-editing', 'sequence-labeling', 'nlp', 'post-editing', 'bert-embeddings']",197,8,36,0,2,Macaulay2,2492,9,3,3,0,25,0,0,0,,,,,,,,,
sugaroidbot/sugaroid,https://github.com/sugaroidbot/sugaroid,FALSE,2/11/2020 11:59,"['artificial-intelligence', 'chat', 'chatbot', 'sugar', 'sugarlabs', 'machinelearning', 'python', 'qt5', 'pyqt5', 'hacktoberfest']",12,5,8,50,8,Python,34289,28,2,12,63,888,0,0,164,,,,,,,,,
HDCodePractice/EnglishHelper,https://github.com/HDCodePractice/EnglishHelper,FALSE,11/7/2021 22:28,70,3,19,9,6,Python,150354,11,0,5,18,695,1,0,0,,,,,,,,,,
lisavirginia/clinical-abbreviations,https://github.com/lisavirginia/clinical-abbreviations,FALSE,9/17/2019 17:42,[],39,2,9,3,2,Jupyter Notebook,122039,0,0,1,3,85,0,0,0,,,,,,,,,
quarter-100/essay-grading-hackathon,https://github.com/quarter-100/essay-grading-hackathon,FALSE,12/17/2021 1:22,"['nlp', 'essay-grading', 'essay-scoring']",7,0,0,0,5,Jupyter Notebook,5980,0,0,2,0,24,0,0,0,,,,,,,,,
kk7nc/Text_Classification,https://github.com/kk7nc/Text_Classification,FALSE,7/6/2018 0:10,"['text-classification', 'nlp-machine-learning', 'document-classification', 'text-processing', 'dimensionality-reduction', 'rocchio-algorithm', 'boosting-algorithms', 'logistic-regression', 'naive-bayes-classifier', 'k-nearest-neighbours', 'support-vector-machines', 'decision-trees', 'random-forest', 'conditional-random-fields', 'deep-learning', 'deep-neural-network', 'recurrent-neural-networks', 'convolutional-neural-networks', 'deep-belief-network', 'hierarchical-attention-networks']",1613,73,523,0,8,Python,14329,1,0,1,0,227,0,0,34,,,,,,,,,
HelenGezahegn/aeye-alliance,https://github.com/HelenGezahegn/aeye-alliance,FALSE,6/4/2018 15:31,[],9,1,8,0,4,Java,320282,0,0,1,0,382,0,0,0,,,,,,,,,
Zettlr/Zettlr,https://github.com/Zettlr/Zettlr,FALSE,12/26/2017 18:34,"['office', 'productivity', 'electron', 'offline', 'desktop', 'markdown', 'pdf', 'html', 'libreoffice', 'docx', 'zettlr', 'macos', 'pandoc', 'languages', 'linux', 'windows', 'nodejs']",7682,71,495,128,78,TypeScript,110162,302,27,15,129,6005,29,0,0,,,,,,,,,
spellml/tweet-sentiment-extraction,https://github.com/spellml/tweet-sentiment-extraction,FALSE,5/21/2020 21:56,[],9,4,1,0,1,Jupyter Notebook,2004,0,0,2,0,31,0,0,0,,,,,,,,,
carnellj/presentations,https://github.com/carnellj/presentations,FALSE,3/25/2018 16:16,[],6,3,4,0,4,Python,26120,10,10,23,0,40,0,0,0,,,,,,,,,
Ashteki/ashteki,https://github.com/Ashteki/ashteki,FALSE,10/15/2020 15:28,"['game', 'mongodb', 'node-js', 'reactjs']",9,1,9,0,72,JavaScript,151700,71,6,9,25,9509,0,0,0,,,,,,,,,
DigitalHERMES/d-rats,https://github.com/DigitalHERMES/d-rats,FALSE,3/18/2018 14:18,[],7,4,4,0,1,Python,525,0,0,1,0,13,0,0,0,,,,,,,,,
mamacker/pi_to_potter,https://github.com/mamacker/pi_to_potter,FALSE,12/6/2017 16:40,[],14,9,7,0,2,Python,41306,1,0,2,0,99,0,0,0,,,,,,,,,
jina-ai/discoart,https://github.com/jina-ai/discoart,FALSE,6/30/2022 16:25,"['creative-ai', 'disco-diffusion', 'cross-modal', 'dalle', 'generative-art', 'multimodal', 'diffusion', 'prompts', 'midjourney', 'imgen', 'discodiffusion', 'creative-art', 'clip-guided-diffusion', 'latent-diffusion', 'stable-diffusion']",3314,33,186,110,6,Python,30412,30,6,20,119,382,0,0,0,,,,,,,,,
binzhouchn/machine_learning,https://github.com/binzhouchn/machine_learning,FALSE,7/17/2018 3:16,[],18,3,8,0,1,Jupyter Notebook,3596,0,0,1,0,817,0,0,0,,,,,,,,,
awesome-fc/django-blog,https://github.com/awesome-fc/django-blog,FALSE,6/28/2018 14:35,[],10,3,1,0,1,Python,20377,1,0,1,0,4,0,0,0,,,,,,,,,
arsena-k/discourse_atoms,https://github.com/arsena-k/discourse_atoms,FALSE,8/11/2020 16:46,"['embeddings', 'topics', 'modeling', 'text', 'language', 'topic-modeling', 'word-embeddings', 'smooth-inverse-frequency', 'text-mining', 'sentence-embeddings', 'semantic-directions', 'topic-modeling-analysis', 'topic-models', 'latent-variable-models', 'latent-dirichlet-allocation', 'domain-specific-language']",12,2,5,0,1,Jupyter Notebook,27,0,0,1,0,10,0,0,0,,,,,,,,,
bubblesub/bubblesub,https://github.com/bubblesub/bubblesub,FALSE,8/5/2017 10:19,"['subtitles', 'linux']",63,7,11,0,6,Python,11406,13,0,5,0,1196,1,0,0,,,,,,,,,
bave/pyspell,https://github.com/bave/pyspell,FALSE,10/16/2018 12:43,[],17,3,14,0,1,Python,10,2,0,1,0,13,0,0,0,,,,,,,,,
crnormand/gurps,https://github.com/crnormand/gurps,FALSE,10/21/2020 20:06,[],71,14,32,132,19,JavaScript,53563,212,0,8,136,3478,2,0,0,,,,,,,,,
cfsamson/book-exploring-async-basics,https://github.com/cfsamson/book-exploring-async-basics,FALSE,9/14/2019 17:29,[],256,11,46,0,25,,4987,19,1,1,0,216,0,0,128,,,,,,,,,
PacktWorkshops/The-Natural-Language-Processing-Workshop,https://github.com/PacktWorkshops/The-Natural-Language-Processing-Workshop,FALSE,1/16/2020 9:13,[],25,6,42,0,10,Jupyter Notebook,128918,13,13,15,0,451,0,0,0,,,,,,,,,
YuriAlessandro/gerador-ficha-tormenta20,https://github.com/YuriAlessandro/gerador-ficha-tormenta20,FALSE,3/6/2021 20:42,"['tormenta', 'tormenta20', 'rpg', 'gerador', 'ficha', 'gerador-de-ficha', 'rpg-de-mesa']",30,4,6,6,5,TypeScript,19520,16,1,5,7,725,0,0,60,,,,,,,,,
CharlesRajendran/TextClassification,https://github.com/CharlesRajendran/TextClassification,FALSE,8/26/2018 4:44,[],9,4,14,0,1,Python,210,1,1,1,0,3,0,0,0,,,,,,,,,
questoph/spellux,https://github.com/questoph/spellux,FALSE,3/16/2020 22:38,[],6,2,2,0,1,Python,149481,0,0,1,0,67,0,0,0,,,,,,,,,
vishwajeet97/multimodal-scene-graph,https://github.com/vishwajeet97/multimodal-scene-graph,FALSE,9/12/2019 5:55,[],5,1,0,0,1,Python,6,1,0,1,0,1,0,0,0,,,,,,,,,
Pawan300/twitter-data-preprocessing,https://github.com/Pawan300/twitter-data-preprocessing,FALSE,4/22/2019 5:47,['twitterdatagathering'],6,0,0,0,1,Python,24,0,0,1,0,15,0,0,0,,,,,,,,,
sql-machine-learning/sqlflow,https://github.com/sql-machine-learning/sqlflow,FALSE,10/4/2018 6:00,"['sqlflow', 'sql-syntax', 'ai', 'transpiler', 'deep-learning', 'databases', 'machine-learning']",4625,167,675,6,39,Go,28961,247,1,12,6,2222,4,0,0,,,,,,,,,
berknology/text-preprocessing,https://github.com/berknology/text-preprocessing,FALSE,5/12/2020 5:53,"['natural-language-processing', 'text-preprocessing', 'python', 'machine-learning']",35,1,6,8,1,Python,41,3,0,1,11,58,0,0,0,,,,,,,,,
deepcurator/DCC,https://github.com/deepcurator/DCC,FALSE,2/27/2019 22:29,[],25,6,9,1,11,Python,259907,23,22,25,1,827,0,0,43,,,,,,,,,
Aye-saac/aye-saac,https://github.com/Aye-saac/aye-saac,FALSE,2/3/2020 10:38,"['python', 'natural-language-processing', 'data-science', 'pipeline', 'microservices', 'rabbitmq']",21,3,15,4,9,Python,594491,14,0,1,4,168,0,0,0,,,,,,,,,
HarshCasper/Rotten-Scripts,https://github.com/HarshCasper/Rotten-Scripts,FALSE,2/15/2020 20:53,"['script', 'scripting', 'javascript', 'python', 'python-scripts', 'shortcode', 'golang', 'go-scripts', 'bash', 'bash-script', 'bash-scripting', 'hacktoberfest', 'collaborate', 'deepsource', 'github-pages', 'student-vscode']",1189,17,461,0,155,Python,289128,98,61,27,0,1659,1,0,1,,,,,,,,,
phlippe/P2_Net,https://github.com/phlippe/P2_Net,FALSE,8/5/2020 8:11,"['natural-responses', 'task-oriented-dialogue']",6,2,3,0,1,Python,47355,1,0,1,0,2,0,0,0,,,,,,,,,
mitre/FiGHT,https://github.com/mitre/FiGHT,FALSE,4/26/2022 14:24,[],5,9,1,0,2,HTML,28113,0,0,1,0,25,0,0,20,,,,,,,,,
microsoft/TypeScript-Website,https://github.com/microsoft/TypeScript-Website,FALSE,6/26/2019 23:47,[],1672,33,1076,0,415,TypeScript,122041,458,159,373,0,4973,18,0,0,,,,,,,,,
ellennickles/holy-scripture-generator,https://github.com/ellennickles/holy-scripture-generator,FALSE,12/18/2018 21:48,[],6,0,0,0,1,,6372,0,0,1,0,16,0,0,11,,,,,,,,,
patofw/imf_master,https://github.com/patofw/imf_master,FALSE,5/15/2020 15:36,[],12,8,26,0,2,Jupyter Notebook,44321,0,0,1,0,48,0,0,0,,,,,,,,,
TarunChakitha/OCR,https://github.com/TarunChakitha/OCR,FALSE,4/22/2020 16:17,[],11,1,6,0,2,Python,94526,0,0,1,0,38,0,0,15,,,,,,,,,
TwoAbove/noita-tools,https://github.com/TwoAbove/noita-tools,FALSE,12/25/2019 20:49,"['typescript', 'noita', 'webworker', 'emscripten', 'wasm', 'webassembly', 'react']",24,4,6,0,6,TypeScript,38477,19,1,17,0,307,0,0,242,,,,,,,,,
ThisisWilli/GA-otsu,https://github.com/ThisisWilli/GA-otsu,FALSE,4/16/2019 8:32,[],5,0,3,0,1,Python,7681,0,0,1,0,1,0,0,0,,,,,,,,,
HeshamAsem/NLP,https://github.com/HeshamAsem/NLP,FALSE,10/27/2020 11:14,[],67,6,82,0,1,Jupyter Notebook,191665,0,0,1,0,91,0,0,0,,,,,,,,,
OptimumMars/DnD-Spell-Tracker,https://github.com/OptimumMars/DnD-Spell-Tracker,FALSE,3/2/2021 17:37,[],6,1,0,0,1,Python,220,0,0,1,0,22,0,0,0,,,,,,,,,
dao-v/Movie_Recommendation_System,https://github.com/dao-v/Movie_Recommendation_System,FALSE,8/21/2020 4:48,[],8,1,7,0,1,Jupyter Notebook,11066,0,0,1,0,11,0,0,0,,,,,,,,,
kritikseth/NLP-Cleaning-Pipeline,https://github.com/kritikseth/NLP-Cleaning-Pipeline,FALSE,6/23/2020 9:57,[],5,1,3,0,2,Python,18,5,5,6,0,9,0,0,0,,,,,,,,,
dmsmiley/Analytics-with-Streamlit,https://github.com/dmsmiley/Analytics-with-Streamlit,FALSE,3/1/2021 16:35,[],7,1,2,0,1,Python,15114,0,0,1,0,110,0,0,0,,,,,,,,,
venkatasg/Advice-EMNLP2020,https://github.com/venkatasg/Advice-EMNLP2020,FALSE,10/4/2020 15:38,[],5,2,3,0,1,Jupyter Notebook,7236,0,0,1,0,11,0,0,0,,,,,,,,,
deshmukhps95/text-analysis-and-classification-gui-tool,https://github.com/deshmukhps95/text-analysis-and-classification-gui-tool,FALSE,10/16/2019 20:24,"['gui', 'nlp-machine-learning']",6,2,3,0,1,Python,508,0,0,1,0,16,0,0,0,,,,,,,,,
direboar/vue-vuetify-example,https://github.com/direboar/vue-vuetify-example,FALSE,1/26/2018 17:55,[],7,1,3,0,1,JavaScript,65680,21,21,23,0,137,0,0,1,,,,,,,,,
lbs-iitkgp/opensoft18,https://github.com/lbs-iitkgp/opensoft18,FALSE,3/13/2018 16:18,"['opensoft', 'image-processing', 'ocr', 'react', 'flask', 'opencv', 'azure']",12,12,7,0,12,Python,83586,0,0,13,0,197,2,0,0,,,,,,,,,
swyddfa/esbonio,https://github.com/swyddfa/esbonio,FALSE,8/12/2020 22:24,"['sphinx', 'sphinx-extension', 'language-server']",54,10,11,54,9,Python,90237,40,1,3,59,725,0,0,87,,,,,,,,,
nailo2c/spellpy,https://github.com/nailo2c/spellpy,FALSE,3/3/2020 15:53,"['python', 'aiops', 'parser', 'machine-learning']",7,2,5,0,1,Python,212,0,0,1,0,37,0,0,0,,,,,,,,,
purescript-web/purescript-web-html,https://github.com/purescript-web/purescript-web-html,FALSE,5/10/2018 11:23,[],30,6,23,18,22,PureScript,179,6,2,1,18,89,0,0,0,,,,,,,,,
martinezlucas98/uca-google,https://github.com/martinezlucas98/uca-google,FALSE,4/8/2022 14:09,"['search-engine', 'search-algorithm', 'crawler', 'spider', 'indexing']",6,2,1,0,7,Python,15131,0,0,13,0,219,0,0,0,,,,,,,,,
gynvael/arcanesector,https://github.com/gynvael/arcanesector,FALSE,11/27/2018 22:05,[],28,6,5,0,1,Python,22954,1,1,1,0,4,0,0,0,,,,,,,,,
TomerGibor/Final-Project-OCR,https://github.com/TomerGibor/Final-Project-OCR,FALSE,10/23/2020 9:38,"['machine-learning', 'python', 'flutter', 'ocr', 'image-processing', 'final-project', 'ai', 'tensorflow', 'opencv', 'computer-vision', 'convolutional-neural-networks']",8,1,2,0,1,Python,99542,1,0,1,0,59,0,0,0,,,,,,,,,
chriskmanx/qmole,https://github.com/chriskmanx/qmole,FALSE,6/2/2017 9:52,[],102,12,18,0,1,,1115139,5,1,1,0,77,0,0,0,,,,,,,,,
souradip-chakraborty/Soura_Codes,https://github.com/souradip-chakraborty/Soura_Codes,FALSE,6/7/2018 6:43,[],5,1,5,0,1,Jupyter Notebook,24544,0,0,1,0,55,0,0,0,,,,,,,,,
Vetrivel-VP/PythonFirstProject,https://github.com/Vetrivel-VP/PythonFirstProject,FALSE,9/10/2019 11:46,[],5,1,0,0,1,Python,43900,3,3,4,0,10,0,0,0,,,,,,,,,
hctnm2/Programming-Nerds,https://github.com/hctnm2/Programming-Nerds,FALSE,10/2/2021 15:13,"['hacktoberfest', 'hacktoberfest-accepted']",42,0,88,0,78,Python,13962,1,1,1,0,321,0,0,132,,,,,,,,,
ktsstudio/kts_linguistics,https://github.com/ktsstudio/kts_linguistics,FALSE,11/3/2017 21:08,"['spellcheck', 'russian-metaphone', 'natural-language-processing']",18,5,1,1,2,Python,31732,0,0,1,13,65,0,0,0,,,,,,,,,
spellml/gpt2-imdb,https://github.com/spellml/gpt2-imdb,FALSE,6/7/2020 20:23,[],9,4,0,0,1,Jupyter Notebook,16,0,0,1,0,12,0,0,0,,,,,,,,,
facelessuser/pyspelling,https://github.com/facelessuser/pyspelling,FALSE,12/12/2017 14:45,[],54,2,15,34,9,Python,3532,3,0,6,34,325,0,0,43,,,,,,,,,
aliostad/deep-learning-lang-detection,https://github.com/aliostad/deep-learning-lang-detection,FALSE,6/11/2020 21:00,[],16,2,11,0,1,F#,29142,0,0,1,0,5,0,0,0,,,,,,,,,
FF6BeyondChaos/BeyondChaosRandomizer,https://github.com/FF6BeyondChaos/BeyondChaosRandomizer,FALSE,2/3/2021 4:57,[],6,4,9,24,14,Python,206316,2,2,7,49,2151,0,0,0,,,,,,,,,
NeoVintageous/NeoVintageous,https://github.com/NeoVintageous/NeoVintageous,FALSE,4/5/2017 10:44,"['vim', 'neovim', 'vintage', 'sublime-text', 'vim-emulation-layer', 'surround', 'unimpaired', 'commentary', 'abolish', 'highlighted-yank', 'vintageous']",537,10,37,65,42,Python,14787,61,0,10,91,4064,9,0,0,,,,,,,,,
webuildorg/events,https://github.com/webuildorg/events,FALSE,3/18/2018 10:29,[],6,6,1,0,1,Jupyter Notebook,76,0,0,1,0,92,2,0,6,,,,,,,,,
wqb2017/vue-vant-axios,https://github.com/wqb2017/vue-vant-axios,FALSE,8/9/2018 2:43,[],98,2,47,0,1,JavaScript,11587,2,1,5,0,55,0,0,0,,,,,,,,,
foxBMS/foxbms-2,https://github.com/foxBMS/foxbms-2,FALSE,4/1/2021 15:52,"['bms', 'battery-management-system', 'battery-monitoring']",84,10,44,10,1,C,10434,2,0,1,10,10,0,0,0,,,,,,,,,
danishpruthi/Adversarial-Misspellings,https://github.com/danishpruthi/Adversarial-Misspellings,FALSE,5/24/2019 15:35,[],56,5,9,0,1,Python,59601,0,0,1,0,4,0,0,0,,,,,,,,,
LutherCS/ads-class-pub,https://github.com/LutherCS/ads-class-pub,FALSE,8/3/2017 0:45,"['python', 'algorithm', 'recursion', 'binary-trees', 'sorting-algorithms', 'graphs', 'data-structures']",5,6,18,0,2,Python,15528,0,0,1,5,312,0,0,0,,,,,,,,,
nodejs-viathink/react-bpmn,https://github.com/nodejs-viathink/react-bpmn,FALSE,4/18/2018 10:56,[],16,4,5,0,1,JavaScript,127,1,0,1,0,6,0,0,0,,,,,,,,,
ttag-org/ttag-cli,https://github.com/ttag-org/ttag-cli,FALSE,11/9/2017 8:12,[],29,8,23,0,16,TypeScript,3028,31,13,12,90,279,0,0,0,,,,,,,,,
rklymentiev/asl_recognition,https://github.com/rklymentiev/asl_recognition,FALSE,5/4/2019 7:19,"['opencv-python', 'cnn', 'asl-recognizer']",16,0,6,0,1,Python,15223,0,0,1,0,9,0,0,0,,,,,,,,,
Moonlington/5eTtoFC5,https://github.com/Moonlington/5eTtoFC5,FALSE,6/29/2019 15:30,"['converting', '5etools', 'fight-club-5']",8,2,8,0,2,Python,7365,1,0,1,0,28,0,0,0,,,,,,,,,
cwtliu/yupik-mt,https://github.com/cwtliu/yupik-mt,FALSE,1/22/2018 1:13,[],8,5,0,0,3,Python,925,0,0,1,0,192,0,0,0,,,,,,,,,
boostcampaitech2/final-project-level3-nlp-06,https://github.com/boostcampaitech2/final-project-level3-nlp-06,FALSE,11/19/2021 2:01,[],5,7,1,0,7,Jupyter Notebook,5204,6,0,15,0,173,0,0,0,,,,,,,,,
securycore/phishingdetect,https://github.com/securycore/phishingdetect,FALSE,4/2/2018 20:16,[],6,0,4,0,1,Python,11395,0,0,1,0,39,0,0,0,,,,,,,,,
ithaka/tdm-notebooks,https://github.com/ithaka/tdm-notebooks,FALSE,10/22/2019 16:06,['ithaka-owner-labs'],48,9,119,0,6,Jupyter Notebook,8447,0,0,2,1,512,0,0,129,,,,,,,,,
DannyMerkx/speech2image,https://github.com/DannyMerkx/speech2image,FALSE,2/16/2018 9:25,[],6,3,4,0,1,Python,4616,3,0,5,0,297,0,0,0,,,,,,,,,
ShairozS/Scan2Topic,https://github.com/ShairozS/Scan2Topic,FALSE,8/4/2020 3:40,[],6,2,6,0,1,Python,24,1,0,1,0,3,0,0,0,,,,,,,,,
ripple/dactyl,https://github.com/ripple/dactyl,FALSE,2/17/2017 21:14,"['dactyl', 'markdown', 'documentation', 'pdf-generation']",61,19,29,37,5,Python,2218,26,3,20,40,145,0,0,14,,,,,,,,,
hellohaptik/spello,https://github.com/hellohaptik/spello,FALSE,1/24/2020 12:08,[],59,12,17,2,3,Python,227,7,0,7,2,32,0,0,0,,,,,,,,,
SamStudio8/reticulatus,https://github.com/SamStudio8/reticulatus,FALSE,3/18/2019 14:04,[],62,7,5,0,1,Python,265,24,1,4,0,240,0,0,0,,,,,,,,,
namanjn98/agribot,https://github.com/namanjn98/agribot,FALSE,10/25/2019 0:30,[],5,1,3,0,1,Python,3353,0,0,1,0,10,0,0,0,,,,,,,,,
VcrTing/Mint_Order_APi,https://github.com/VcrTing/Mint_Order_APi,FALSE,9/25/2018 3:40,5,1,1,0,1,Python,13456,0,0,1,0,29,0,0,0,,,,,,,,,,
em-squared/5e-drs,https://github.com/em-squared/5e-drs,FALSE,3/26/2020 18:09,[],14,2,15,0,8,,14870,4,2,5,0,330,0,0,0,,,,,,,,,
TheGiddyLimit/plutonium-next,https://github.com/TheGiddyLimit/plutonium-next,FALSE,6/3/2021 18:48,[],20,3,4,0,1,,461235,1,0,1,79,81,0,0,0,,,,,,,,,
zashin-AI/project,https://github.com/zashin-AI/project,FALSE,3/15/2021 9:17,"['flask', 'gan', 'tensorflow', 'speech-recognition', 'stt', 'librosa', 'denoise', 'deep-learning', 'machine-learning', 'transfer-learning', 'dcgan', 'igpt', 'wavegan', 'vanilla-gan']",6,1,0,0,5,Jupyter Notebook,28086,0,0,1,0,41,0,0,0,,,,,,,,,
nbigaouette/spell-rs,https://github.com/nbigaouette/spell-rs,FALSE,12/17/2018 18:52,[],12,1,4,0,3,Rust,58,0,0,1,4,66,0,0,0,,,,,,,,,
harshitbansal1602/Text-Recognition-in-scene-images,https://github.com/harshitbansal1602/Text-Recognition-in-scene-images,FALSE,1/22/2018 19:24,[],7,1,1,0,1,Python,162577,1,0,1,0,10,0,0,0,,,,,,,,,
KimRass/data_science,https://github.com/KimRass/data_science,FALSE,8/28/2020 15:44,[],6,2,0,0,2,Jupyter Notebook,693261,0,0,1,0,1621,1,0,1246,,,,,,,,,
huseinzol05/malaya,https://github.com/huseinzol05/malaya,FALSE,3/12/2018 2:23,"['natural-language-processing', 'bahasa-malaysia', 'tensorflow', 'sentiment-analysis', 'subjectivity-analysis', 'pos-tagging', 'ner', 'entity-framework', 'language-detection', 'normalizer', 'malay', 'malay-nlp', 'emotion-analysis']",330,24,110,44,7,Jupyter Notebook,126339,7,3,26,44,688,0,0,0,,,,,,,,,
headcounter/shabitica,https://github.com/headcounter/shabitica,FALSE,4/3/2018 2:17,"['nix', 'nixos', 'nixos-service', 'habitica', 'self-hosted']",121,11,11,0,1,Nix,1858,4,0,1,0,415,2,0,0,,,,,,,,,
Chintan2108/Text-Classification-and-Context-Mining-for-Document-Summarization,https://github.com/Chintan2108/Text-Classification-and-Context-Mining-for-Document-Summarization,FALSE,1/15/2019 17:22,"['nlp', 'sentence-similarity', 'sentence2vec', 'gensim-word2vec', 'crawler', 'text-classification', 'sentence-pairs']",7,0,5,0,1,Python,186590,6,0,4,0,118,0,0,0,,,,,,,,,
York1996OutLook/countWords,https://github.com/York1996OutLook/countWords,FALSE,8/24/2019 2:59,[],9,2,5,0,1,Python,20989,1,0,1,0,3,0,0,0,,,,,,,,,
alexanderhale/COMP551,https://github.com/alexanderhale/COMP551,FALSE,12/19/2019 1:17,[],5,1,2,0,5,Jupyter Notebook,115272,0,0,1,0,94,0,0,0,,,,,,,,,
faysal887/nlp-all-in-one,https://github.com/faysal887/nlp-all-in-one,FALSE,2/17/2020 18:41,[],5,1,0,0,1,HTML,137324,0,0,1,0,28,0,0,0,,,,,,,,,
ad-freiburg/tokenization-repair,https://github.com/ad-freiburg/tokenization-repair,FALSE,4/3/2020 15:08,[],11,6,1,0,3,Python,4444,0,0,1,0,255,5,0,0,,,,,,,,,
DorkmasterFlek/smrpg_web_randomizer,https://github.com/DorkmasterFlek/smrpg_web_randomizer,FALSE,2/19/2018 17:04,[],14,7,10,3,7,Python,2853,0,0,3,3,624,4,0,0,,,,,,,,,
marktext/marktext,https://github.com/marktext/marktext,FALSE,11/12/2017 16:05,"['macos', 'typewriter-mode', 'electron', 'vue', 'element-ui', 'next-generation', 'markdown', 'editor', 'mac', 'windows', 'linux', 'source-code', 'focus-mode', 'latex', 'emoji', 'dark-mode', 'marktext']",36717,384,2780,36,137,JavaScript,72432,915,44,7,36,1599,44,0,0,,,,,,,,,
maltaweel/eBayScraper,https://github.com/maltaweel/eBayScraper,FALSE,1/7/2019 12:01,[],10,2,1,0,1,HTML,656566,1,0,3,0,257,0,0,0,,,,,,,,,
LinDaiDai/bpmn-vue-custom,https://github.com/LinDaiDai/bpmn-vue-custom,FALSE,12/12/2019 9:59,[],144,5,57,0,0,JavaScript,153,25,24,25,0,10,0,0,0,,,,,,,,,
RoyalEagle73/hactoberfest-Projects-2020,https://github.com/RoyalEagle73/hactoberfest-Projects-2020,FALSE,9/27/2020 13:11,"['hacktoberfest', 'hacktoberfest2020']",8,1,146,0,40,C++,2055,140,138,2,0,132,1,0,0,,,,,,,,,
Uyouii/SearchingSystem,https://github.com/Uyouii/SearchingSystem,FALSE,6/11/2017 13:30, 'inverted-index', 'vsm']",40,3,11,0,0,HTML,65705,0,0,1,0,15,0,0,0,,,,,,,,
LongIslandCW/morsebrowser,https://github.com/LongIslandCW/morsebrowser,FALSE,4/17/2022 18:22,[],9,5,4,0,3,JavaScript,259119,6,0,10,0,975,0,0,585,,,,,,,,,
TheDataLeek/Eris-Cogs,https://github.com/TheDataLeek/Eris-Cogs,FALSE,4/5/2017 23:20,[],5,4,9,0,7,Python,27624,25,10,14,0,1356,0,0,0,,,,,,,,,
UNC-Libraries-data/OnTheBooks,https://github.com/UNC-Libraries-data/OnTheBooks,FALSE,2/1/2019 15:51,[],30,9,7,0,7,HTML,38776,0,0,1,0,107,0,0,106,,,,,,,,,
crossbario/zlmdb,https://github.com/crossbario/zlmdb,FALSE,6/11/2018 8:04,"['in-memory', 'database', 'object-relational', 'lmdb', 'flatbuffers']",22,3,9,0,4,Python,672,3,0,1,37,302,0,0,48,,,,,,,,,
pyrfume/pyrfume-data,https://github.com/pyrfume/pyrfume-data,FALSE,6/19/2020 18:46,[],17,5,11,0,9,Jupyter Notebook,117071,38,0,1,0,245,0,0,0,,,,,,,,,
emareg/paper-checker,https://github.com/emareg/paper-checker,FALSE,1/13/2017 10:18,"['grammar-checker', 'spell-checker', 'academic', 'latex']",17,3,7,0,7,Python,894,6,0,1,0,127,0,0,0,,,,,,,,,
squaresLab/SOAR,https://github.com/squaresLab/SOAR,FALSE,10/18/2020 22:44,[],7,2,4,0,1,Python,144413,0,0,2,0,8,0,0,0,,,,,,,,,
abhinuvpitale/ASL-Gesture-Recognition,https://github.com/abhinuvpitale/ASL-Gesture-Recognition,FALSE,11/26/2017 3:44,"['computer-vision', 'signlanguage', 'svm', 'classifier', 'python', 'matlab']",7,1,8,0,4,Jupyter Notebook,199978,0,0,1,0,57,0,0,38,,,,,,,,,
Liquid-S/SDSE2-PORTABLE,https://github.com/Liquid-S/SDSE2-PORTABLE,FALSE,6/5/2018 12:25,[],5,2,0,2,2,Python,1396,1,0,1,2,11,0,0,0,,,,,,,,,
canismarko/dungeon-sheets,https://github.com/canismarko/dungeon-sheets,FALSE,3/4/2018 17:26,"['dungeons-and-dragons', 'python3']",120,10,55,0,25,Python,16278,20,1,1,9,455,2,0,0,,,,,,,,,
AyaElghannam/icamp-AI-graduation-project,https://github.com/AyaElghannam/icamp-AI-graduation-project,FALSE,9/30/2021 15:06,[],5,1,1,0,2,Jupyter Notebook,248905,0,0,1,0,13,0,0,0,,,,,,,,,
spellml/examples,https://github.com/spellml/examples,FALSE,9/4/2018 20:11,[],39,5,8,0,11,Jupyter Notebook,127767,0,0,3,0,190,2,0,0,,,,,,,,,
akshaytheau/Data-Science,https://github.com/akshaytheau/Data-Science,FALSE,6/16/2020 8:37,[],36,2,31,0,1,Jupyter Notebook,6645,0,0,1,0,56,0,0,0,,,,,,,,,
bgoonz/UsefulResourceRepo2.0,https://github.com/bgoonz/UsefulResourceRepo2.0,FALSE,7/3/2021 13:58,"['javascript', 'python', 'learning', 'nodejs', 'expressjs', 'website', 'web', 'devops', 'development', 'tools', 'python-3']",5,3,11,0,1,,10239100,2,2,23,0,1113,575,0,60,,,,,,,,,
cryingjin/AMIOK,https://github.com/cryingjin/AMIOK,FALSE,10/9/2020 5:45,"['tobigs', 'nlp', 'mental-health', 'deep-learning', 'seq2seq', 't5', 'textrank']",11,1,7,0,8,Python,689,0,0,2,0,33,0,0,0,,,,,,,,,
Kreozot/dnd5e-spells,https://github.com/Kreozot/dnd5e-spells,FALSE,8/2/2020 10:18,"['dungeons-and-dragons', 'dnd', 'dnd5e', 'dnd5e-tools', 'dnd-tools']",5,2,0,0,1,TypeScript,5213,0,0,10,0,205,0,0,0,,,,,,,,,
ScriptB3ast/razor-enhanced,https://github.com/ScriptB3ast/razor-enhanced,FALSE,3/14/2019 19:54,[],15,3,17,0,1,Python,910,1,0,1,0,271,0,0,0,,,,,,,,,
ahmadreza-smdi/ms-shop,https://github.com/ahmadreza-smdi/ms-shop,FALSE,11/23/2019 16:09,[],5,1,2,0,1,Python,20886,1,1,4,0,20,0,0,0,,,,,,,,,
alvaroruizp/spanish-twitter-sentiment-analyzer,https://github.com/alvaroruizp/spanish-twitter-sentiment-analyzer,FALSE,12/11/2020 12:38,[],5,1,2,0,1,Jupyter Notebook,163953,0,0,1,0,22,0,0,0,,,,,,,,,
MediaWikiAGE/MAGE,https://github.com/MediaWikiAGE/MAGE,FALSE,11/21/2020 5:09,[],8,7,7,0,8,Vue,461,19,0,1,0,56,1,0,0,,,,,,,,,
blacktiny/isomorphic-react-redux-admin-dashboard,https://github.com/blacktiny/isomorphic-react-redux-admin-dashboard,FALSE,12/2/2019 13:03,[],20,2,18,0,1,JavaScript,49723,1,0,1,0,4,0,0,0,,,,,,,,,
jupyterlab-contrib/spellchecker,https://github.com/jupyterlab-contrib/spellchecker,FALSE,4/2/2018 7:47,"['jupyterlab-extension', 'jupyterlab']",163,7,18,7,6,TypeScript,3227,22,6,14,7,152,0,0,0,,,,,,,,,
Praneet9/Smart_Editor,https://github.com/Praneet9/Smart_Editor,FALSE,10/24/2017 18:36,"['deep-learning', 'image-processing', 'flask', 'ocr', 'optical-character-recognition', 'handwriting-recognition', 'handwriting-ocr', 'handwritten-text-recognition', 'handwritten-character-recognition']",8,1,12,0,5,Jupyter Notebook,411514,1,0,1,0,265,0,0,0,,,,,,,,,
zhl2008/awd-platform,https://github.com/zhl2008/awd-platform,FALSE,5/1/2018 7:52,[],516,13,180,0,1,Python,440118,20,18,18,0,31,0,0,0,,,,,,,,,
chinnichaitanya/spellwise,https://github.com/chinnichaitanya/spellwise,FALSE,12/9/2020 19:26,"['natural-language-processing', 'spelling-correction', 'nlp', 'spellcheck', 'trie', 'levenshtein', 'editex', 'caverphone', 'typox']",9,2,2,0,1,Python,447,0,0,1,13,77,0,0,0,,,,,,,,,
JunhoKim94/ASR_project,https://github.com/JunhoKim94/ASR_project,FALSE,12/23/2020 8:27,"['korean-asr', 'speech-recognition', 'korean', 'asr', 'espnet', 'open-source', 'transformer']",9,3,6,0,2,Python,254748,0,0,1,0,37,0,0,0,,,,,,,,,
dhlanm/gpt-2-dnd,https://github.com/dhlanm/gpt-2-dnd,FALSE,7/26/2019 2:24,[],13,1,3,0,1,Python,113968,1,1,2,0,88,0,0,0,,,,,,,,,
dhhse/Otechestvennie_zapiski,https://github.com/dhhse/Otechestvennie_zapiski,FALSE,11/10/2019 21:25,[],6,3,2,0,7,Python,284290,0,0,2,0,126,0,0,0,,,,,,,,,
kookmin-sw/2019-cap1-2019_3,https://github.com/kookmin-sw/2019-cap1-2019_3,FALSE,3/8/2019 6:15,[],6,3,6,0,4,JavaScript,257164,5,5,18,1,213,0,0,58,,,,,,,,,
moonfire-ventures/tokenomics,https://github.com/moonfire-ventures/tokenomics,FALSE,2/20/2022 21:25,[],12,3,1,1,2,Python,96,0,0,3,1,22,0,0,0,,,,,,,,,
midas-research/calling-out-bluff,https://github.com/midas-research/calling-out-bluff,FALSE,7/16/2020 7:07,['adversarial-machine-learning'],9,10,9,0,3,Python,624744,1,0,4,0,17,0,0,0,,,,,,,,,
meetfranz/franz,https://github.com/meetfranz/franz,FALSE,10/13/2017 10:17,"['messaging', 'electron', 'franz', 'messenger', 'whatsapp', 'slack', 'telegram', 'productivity', 'office']",4244,108,573,54,45,JavaScript,12467,385,6,76,56,2314,14,0,0,,,,,,,,,
open-cogsci/rapunzel,https://github.com/open-cogsci/rapunzel,FALSE,7/11/2019 12:52,[],13,3,3,19,4,Python,4685,2,0,1,104,526,0,0,0,,,,,,,,,
aws-quickstart/qs-cfn-lint-rules,https://github.com/aws-quickstart/qs-cfn-lint-rules,FALSE,3/19/2019 14:24,[],12,9,6,7,10,Python,34893,7,0,4,7,273,0,0,0,,,,,,,,,
jk1mm/stock-market,https://github.com/jk1mm/stock-market,FALSE,12/18/2020 22:07,"['stock-market', 'ipo', 'market-data', 'wallstreetbets', 'stocks', 'finance', 'python']",6,1,4,14,1,Python,1268,1,0,1,14,213,0,0,14,,,,,,,,,
lingo-iitgn/emocontext-19,https://github.com/lingo-iitgn/emocontext-19,FALSE,4/4/2019 16:55,[],5,5,2,0,3,Python,32,2,2,3,0,22,0,0,0,,,,,,,,,
dalindev/tweepy,https://github.com/dalindev/tweepy,FALSE,11/7/2018 14:00,"['data-mining', 'sentiment-analysis']",10,1,2,0,1,Python,449,0,0,1,0,23,0,0,0,,,,,,,,,
AtmaTek/WorldsCollide,https://github.com/AtmaTek/WorldsCollide,FALSE,1/14/2022 7:48,"['ffvi', 'randomizer', 'open-world', 'game']",8,5,11,5,3,Python,847,35,35,5,5,82,0,0,0,,,,,,,,,
LukeBriggsDev/Pepys,https://github.com/LukeBriggsDev/Pepys,FALSE,4/1/2021 19:28,"['journal', 'markdown', 'qt', 'qt5', 'python', 'hacktoberfest', 'qt6', 'pandoc', 'pyqt']",21,3,6,20,4,Python,16935,1,0,1,25,480,0,0,0,,,,,,,,,
BrandonHanx/CompFashion,https://github.com/BrandonHanx/CompFashion,FALSE,6/15/2021 14:43,[],11,3,0,0,1,Python,297,0,0,3,0,119,0,0,0,,,,,,,,,
fla-sil/PyTorrent,https://github.com/fla-sil/PyTorrent,FALSE,1/10/2021 20:30,[],27,2,20,0,4,,844788,0,0,1,0,54,0,0,0,,,,,,,,,
abdo0/python-by-example-150-challenges,https://github.com/abdo0/python-by-example-150-challenges,FALSE,7/16/2019 13:46,[],17,0,7,0,1,Python,35978,1,1,1,0,19,0,0,0,,,,,,,,,
amin-nejad/mimic-text-generation,https://github.com/amin-nejad/mimic-text-generation,FALSE,7/16/2019 18:18,"['mimic-iii', 'python', 'nlp', 'nlp-machine-learning', 'text-generation']",14,1,4,0,1,Jupyter Notebook,891,1,0,1,0,40,0,0,0,,,,,,,,,
atozknowledge/python,https://github.com/atozknowledge/python,FALSE,4/19/2020 17:29,[],20,3,16,0,1,Python,412,0,0,1,0,29,0,0,0,,,,,,,,,
sushil79g/Nepali_nlp,https://github.com/sushil79g/Nepali_nlp,FALSE,8/26/2019 10:51,"['nepali', 'nlp', 'nepali-nlp', 'machine-learning', 'deep-learning', 'summarization', 'nepal', 'ocr']",126,15,31,2,3,Jupyter Notebook,18271,5,3,3,2,246,0,0,0,,,,,,,,,
Azure/azure-sdk-for-js,https://github.com/Azure/azure-sdk-for-js,FALSE,10/25/2017 18:44,"['typescript', 'javascript', 'nodejs', 'browser', 'azure-sdk', 'azure', 'hacktoberfest']",1419,242,901,2042,334,TypeScript,284082,1084,49,98,2052,12714,57,0,1631,,,,,,,,,
ViachaslauBohdan/mgr,https://github.com/ViachaslauBohdan/mgr,FALSE,4/9/2018 14:11,[],9,0,8,0,0,Python,214352,0,0,1,0,60,0,0,0,,,,,,,,,
KimuSoft/Epbot-Origin,https://github.com/KimuSoft/Epbot-Origin,FALSE,2/22/2022 10:55,[],15,3,11,1,6,Python,15890,11,10,12,15,207,0,0,0,,,,,,,,,
TencentBlueKing/ci-codeccScan,https://github.com/TencentBlueKing/ci-codeccScan,FALSE,7/23/2020 3:48,"['bkci', 'scan']",7,3,8,0,6,Java,1181198,23,1,1,0,97,0,0,0,,,,,,,,,
sudoalgorithm/Scalable-python-apps-with-Kubernetes,https://github.com/sudoalgorithm/Scalable-python-apps-with-Kubernetes,FALSE,7/23/2018 8:59,"['kubernetes', 'docker', 'flask', 'ibm-cloud']",5,1,6,0,3,Python,20411,0,0,2,0,36,0,0,0,,,,,,,,,
ToniDS/tmsu-pictures,https://github.com/ToniDS/tmsu-pictures,FALSE,4/9/2018 9:34,[],7,1,0,0,1,Python,33071,10,1,3,0,48,0,0,0,,,,,,,,,
l3lessed/CO-DF-Unity-10.23,https://github.com/l3lessed/CO-DF-Unity-10.23,FALSE,3/30/2020 3:09,[],7,2,3,0,1,C#,99256,0,0,2,0,18,1,0,0,,,,,,,,,
chiphuyen/sotawhat,https://github.com/chiphuyen/sotawhat,FALSE,10/2/2018 21:03,"['script', 'python', 'arxiv', 'summarization', 'research-tool']",1245,58,167,1,5,Python,27,14,3,1,1,29,0,0,0,,,,,,,,,
pemagrg1/Text-Pre-Processing-in-Python,https://github.com/pemagrg1/Text-Pre-Processing-in-Python,FALSE,10/31/2018 7:35,[],20,3,16,0,1,Jupyter Notebook,69,0,0,1,0,36,0,0,0,,,,,,,,,
sidharrth2002/text-scoring,https://github.com/sidharrth2002/text-scoring,FALSE,12/31/2021 8:42,"['nlp', 'transformers', 'longformer']",5,1,0,1,1,Python,11091,0,0,1,1,83,0,0,23,,,,,,,,,
orkhan-huseyn/number-to-azerbaijani-word,https://github.com/orkhan-huseyn/number-to-azerbaijani-word,FALSE,5/9/2019 9:40,"['azerbaijani-translation', 'numbers', 'javascript', 'number-to-word']",14,1,0,0,2,JavaScript,2959,11,11,12,10,144,0,0,0,,,,,,,,,
hpwizardsunite-dev-contrib/WUObjects,https://github.com/hpwizardsunite-dev-contrib/WUObjects,FALSE,5/7/2019 5:17,[],6,10,2,0,2,Python,16624,2,0,1,0,105,0,0,0,,,,,,,,,
bmwiedemann/openSUSE,https://github.com/bmwiedemann/openSUSE,FALSE,9/11/2019 14:31,"['mirror', 'ipfs', 'opensuse']",23,6,7,0,1,,1197998,0,0,1,1134,90476,4,0,0,,,,,,,,,
CodeForPhilly/MATchMapper,https://github.com/CodeForPhilly/MATchMapper,FALSE,7/23/2020 15:19,[],6,15,5,0,7,Python,28701,15,0,18,0,439,2,0,0,,,,,,,,,
miguelob/ICS-Hacking,https://github.com/miguelob/ICS-Hacking,FALSE,6/23/2021 9:02,"['python', 'cybersecurity', 'pentesting', 'scada', 'siemens', 's7', 'plc', 'modbus', 'profinet', 'scapy', 'wireshark', 'kali-linux', 'msfco']",37,1,14,5,1,C,70453,2,0,3,5,70,0,0,0,,,,,,,,,
Sanqiang/text_simplification,https://github.com/Sanqiang/text_simplification,FALSE,9/11/2017 1:50,"['deep-learning', 'seq2seq-model', 'transformer', 'nlp']",67,5,14,0,1,Python,141148,8,0,4,0,3,0,0,0,,,,,,,,,
NewtonBii/Patient-Management-System,https://github.com/NewtonBii/Patient-Management-System,FALSE,2/13/2018 4:34,[],6,2,2,0,1,Python,25947,0,0,1,0,39,0,0,0,,,,,,,,,
Artaches/SSAN-self-attention-sentiment-analysis-classification,https://github.com/Artaches/SSAN-self-attention-sentiment-analysis-classification,FALSE,9/8/2018 17:33,[],53,4,14,0,1,Python,58685,0,0,1,0,11,0,0,0,,,,,,,,,
glorelvalle/socialhaterbert,https://github.com/glorelvalle/socialhaterbert,FALSE,12/3/2021 8:37,[],7,1,0,0,1,Jupyter Notebook,793,0,0,1,0,16,0,0,0,,,,,,,,,
kubeflow/examples,https://github.com/kubeflow/examples,FALSE,2/1/2018 21:13,[],1211,48,684,0,86,Jsonnet,270330,34,25,32,4,525,1,0,0,,,,,,,,,
ucd-dnp/ConTexto,https://github.com/ucd-dnp/ConTexto,FALSE,4/15/2019 15:23,"['ucd', 'contexto', 'text-analysis', 'text-processing', 'text', 'espanol']",41,6,12,3,6,Jupyter Notebook,35738,17,8,11,3,370,0,0,88,,,,,,,,,
spellml/mobilenet-cifar10,https://github.com/spellml/mobilenet-cifar10,FALSE,11/19/2020 19:28,[],6,3,4,0,1,Jupyter Notebook,17,0,0,1,0,4,0,0,0,,,,,,,,,
EverOddish/DrFujiBot,https://github.com/EverOddish/DrFujiBot,FALSE,9/28/2019 5:09,[],8,1,8,28,4,Python,23226,21,6,7,28,333,0,0,0,,,,,,,,,
hkdb/sysconfig,https://github.com/hkdb/sysconfig,FALSE,7/20/2020 9:52,[],10,1,1,0,0,Python,19662,0,0,2,0,9,0,0,0,,,,,,,,,
eventbrite/bay,https://github.com/eventbrite/bay,FALSE,1/26/2017 17:17,[],22,114,4,24,23,Python,360,6,4,10,53,314,0,0,0,,,,,,,,,
JusperLee/Arxiv-New-Paper-Server,https://github.com/JusperLee/Arxiv-New-Paper-Server,FALSE,4/28/2020 15:47,[],10,3,2,0,1,CSS,141,0,0,1,0,4,0,0,0,,,,,,,,,
spellml/feedforward-rossman,https://github.com/spellml/feedforward-rossman,FALSE,5/26/2020 17:48,[],8,4,0,0,1,Jupyter Notebook,44,0,0,1,0,16,0,0,0,,,,,,,,,
Azure/azure-sdk-tools,https://github.com/Azure/azure-sdk-tools,FALSE,2/13/2019 22:55,[],78,214,131,690,99,C#,29393,757,24,67,740,2631,49,0,0,,,,,,,,,
the-huistle/AIFFELxSOCAR_MemoProject,https://github.com/the-huistle/AIFFELxSOCAR_MemoProject,FALSE,12/13/2021 11:24,[],15,3,4,0,3,Jupyter Notebook,39529,0,0,1,0,20,0,0,0,,,,,,,,,
jgpavez/Working-Memory-Networks,https://github.com/jgpavez/Working-Memory-Networks,FALSE,5/17/2018 2:25,[],24,5,6,0,1,Python,158,0,0,1,0,13,0,0,0,,,,,,,,,
shreyansh26/RevOpiD,https://github.com/shreyansh26/RevOpiD,FALSE,10/27/2017 9:40,"['mining-opinion-features', 'doc2vec', 'clustering', 'review-opinion-diversification', 'liu', 'infersent']",6,1,1,0,1,Jupyter Notebook,83345,0,0,2,0,39,0,0,18,,,,,,,,,
galv/galvASR,https://github.com/galv/galvASR,FALSE,11/19/2017 5:51,[],13,8,3,0,1,C++,154,0,0,2,1,40,0,0,0,,,,,,,,,
ColonolNutty/Sims4CommunityLibrary,https://github.com/ColonolNutty/Sims4CommunityLibrary,FALSE,8/29/2019 15:48,[],121,17,19,104,2,Python,16122,2,0,1,104,691,0,0,595,,,,,,,,,
LiuFang816/SALSTM_py_data,https://github.com/LiuFang816/SALSTM_py_data,FALSE,12/12/2019 7:29,[],9,1,4,0,1,Python,208253,0,0,1,0,1,0,0,0,,,,,,,,,
MedBot-team/NaBot,https://github.com/MedBot-team/NaBot,FALSE,9/4/2021 23:55,"['nlp', 'machine-learning', 'chatbot', 'deep-learning', 'medical']",14,5,5,2,6,Jupyter Notebook,253528,1,0,2,2,796,0,0,30,,,,,,,,,
Artikash/VNR-Core,https://github.com/Artikash/VNR-Core,FALSE,12/10/2018 8:09,[],27,2,10,0,2,C++,38744,0,0,1,0,5679,0,0,0,,,,,,,,,
hctnm2/Beginners-Catalog,https://github.com/hctnm2/Beginners-Catalog,FALSE,10/6/2022 1:11,"['beginner-friendly', 'beginners', 'beginners-friendly', 'catalog']",41,0,77,0,71,Python,184,1,1,1,0,163,0,0,0,,,,,,,,,
steve-wilson/ds32019,https://github.com/steve-wilson/ds32019,FALSE,6/25/2019 23:50,[],7,0,6,0,1,Jupyter Notebook,46988,0,0,1,0,22,0,0,0,,,,,,,,,
akkapakasaikiran/Proofreading-Rewriter,https://github.com/akkapakasaikiran/Proofreading-Rewriter,FALSE,10/14/2019 18:04,[],9,1,1,0,3,Python,3121,0,0,1,0,30,0,0,0,,,,,,,,,
FloChiff/DAHNProject,https://github.com/FloChiff/DAHNProject,FALSE,4/2/2020 9:50,[],10,4,4,0,4,HTML,162135,0,0,2,0,555,0,0,0,,,,,,,,,
bselles/Sistema-de-Busqueda-de-respuestas-adaptable-a-distintos-dominios,https://github.com/bselles/Sistema-de-Busqueda-de-respuestas-adaptable-a-distintos-dominios,FALSE,6/7/2018 18:57,[],5,3,0,0,3,Jupyter Notebook,1655,0,0,2,0,18,0,0,0,,,,,,,,,
poldracklab/fitlins,https://github.com/poldracklab/fitlins,FALSE,10/23/2017 18:05,[],65,10,29,23,15,Python,8929,81,2,8,24,1354,0,0,0,,,,,,,,,
rt-cpan/rt-cpan.github.io,https://github.com/rt-cpan/rt-cpan.github.io,FALSE,12/14/2020 7:41,[],7,2,2,0,1,,848734,0,0,1,1,16,0,0,9,,,,,,,,,
dongphilyoo/pix2pix-ml5-demo,https://github.com/dongphilyoo/pix2pix-ml5-demo,FALSE,12/20/2018 1:31,[],8,0,1,0,1,JavaScript,46966,0,0,1,0,12,0,0,11,,,,,,,,,
bpostance/learn_data_science,https://github.com/bpostance/learn_data_science,FALSE,11/27/2017 20:21,[],5,2,8,0,1,Jupyter Notebook,69233,0,0,2,0,250,0,0,0,,,,,,,,,
easylogic/svelte-summernote,https://github.com/easylogic/svelte-summernote,FALSE,3/20/2020 12:59,[],10,2,1,0,2,Svelte,2894,0,0,1,0,26,0,0,0,,,,,,,,,
fzn0x/spellcasting,https://github.com/fzn0x/spellcasting,FALSE,3/28/2022 7:29,"['casting', 'type-casting', 'typescript', 'javascript', 'esm', 'cjs', 'replication']",5,1,0,3,1,TypeScript,25,1,0,1,3,7,0,0,0,,,,,,,,,
cotobadesign/cotoba-agent-oss,https://github.com/cotobadesign/cotoba-agent-oss,FALSE,3/25/2020 1:56,[],77,11,11,0,6,Python,1597,5,3,7,9,162,0,0,0,,,,,,,,,
Slackaduts/Deimos-Wizard101,https://github.com/Slackaduts/Deimos-Wizard101,FALSE,6/24/2022 22:56,[],5,1,6,2,6,Python,43861,0,0,4,5,203,0,0,0,,,,,,,,,
Azure/azure-sdk-for-cpp,https://github.com/Azure/azure-sdk-for-cpp,FALSE,1/10/2020 23:29,"['azure', 'azure-sdk', 'cpp', 'hacktoberfest']",109,177,82,161,43,C++,16327,289,6,19,162,2131,6,0,459,,,,,,,,,
GeneDx/txt2hpo,https://github.com/GeneDx/txt2hpo,FALSE,11/1/2019 19:15,"['phenotype', 'phenotype-ontologies', 'information-retrieval', 'parsing', 'medical-records', 'phenotypes', 'hpo', 'python']",13,8,1,6,7,Python,46851,7,1,4,6,222,1,0,0,,,,,,,,,
saucer-man/Dlog,https://github.com/saucer-man/Dlog,FALSE,12/17/2019 7:52,49,4,29,0,2,Python,86543,10,9,10,0,5,0,0,0,,,,,,,,,,
diego3g/jivia,https://github.com/diego3g/jivia,FALSE,6/18/2017 2:20,[],23,2,3,0,22,JavaScript,8077,0,0,1,0,119,0,0,0,,,,,,,,,
Elbria/xformal-FoST,https://github.com/Elbria/xformal-FoST,FALSE,4/8/2021 22:29,[],10,1,0,0,1,Python,456,0,0,1,0,3,0,0,0,,,,,,,,,
osamhack2021/AI_WEB_POOL_YD,https://github.com/osamhack2021/AI_WEB_POOL_YD,FALSE,9/17/2021 13:20, 'vuejs', 'nodejs', 'ci-cd', 'ai', 'deep-learning', 'nlp', 'text-generation', 'torch', 'huggingface-transformers', 'hacktoberfest']",5,11,2,0,5,Vue,17655,0,0,11,0,355,0,0,50
yining1023/styleTransfer_spell,https://github.com/yining1023/styleTransfer_spell,FALSE,9/16/2018 22:30,[],49,2,18,0,1,JavaScript,61796,5,0,1,0,28,0,0,22,,,,,,,,,
uds-se/fuzzingbook,https://github.com/uds-se/fuzzingbook,FALSE,8/31/2018 16:16,"['jupyter-notebooks', 'interactive-notebooks', 'python', 'testing', 'test-automation', 'fuzzing']",792,43,162,0,26,Jupyter Notebook,928214,29,6,16,0,3885,0,0,1312,,,,,,,,,
Brettanda/friday-bot,https://github.com/Brettanda/friday-bot,FALSE,2/21/2021 20:44,"['discord', 'discord-bot', 'discord-py', 'discord-py-rewrite', 'discord-music-bot', 'bot', 'reddit-post', 'gpt3']",8,0,4,0,2,Python,69188,5,4,10,0,1443,0,0,33,,,,,,,,,
shashi-ai1/DataScience,https://github.com/shashi-ai1/DataScience,FALSE,2/14/2020 6:56,[],14,4,14,0,1,Jupyter Notebook,130344,0,0,1,0,47,0,0,0,,,,,,,,,
robocorp/rcc,https://github.com/robocorp/rcc,FALSE,11/6/2020 7:21,"['rpa', 'robocorp', 'rcc', 'robots', 'robotframework', 'automation', 'python', 'robot', 'robot-framework', 'yaml']",292,23,50,0,9,Go,2319,0,0,4,17,330,0,0,0,,,,,,,,,
coldmanck/RVL-BERT,https://github.com/coldmanck/RVL-BERT,FALSE,9/13/2020 3:29,"['pytorch', 'visual-relationship-detection', 'scene-graph-generation', 'deep-learning']",9,2,2,0,1,Python,2912,1,1,1,0,17,0,0,0,,,,,,,,,
Aniket025/Medical-Prescription-OCR,https://github.com/Aniket025/Medical-Prescription-OCR,FALSE,8/11/2018 8:33,[],56,1,36,0,3,Jupyter Notebook,26826,0,0,1,0,14,0,0,0,,,,,,,,,
lucasgiovannibr/myaac,https://github.com/lucasgiovannibr/myaac,FALSE,2/11/2022 17:20,"['php', 'cms', 'aac', 'opentibia', 'otserv', 'ots', 'myaac']",6,2,10,0,1,PHP,25856,0,0,1,0,70,2,0,0,,,,,,,,,
iwowui/classic,https://github.com/iwowui/classic,FALSE,12/25/2019 2:21,[],5,1,2,0,1,Lua,85172,0,0,1,0,183,0,0,0,,,,,,,,,
tg-2/sacengine,https://github.com/tg-2/sacengine,FALSE,10/3/2020 12:08,[],12,1,2,0,3,D,4223,1,0,1,0,1250,0,0,0,,,,,,,,,
1u0Hun/SAReport,https://github.com/1u0Hun/SAReport,FALSE,4/5/2019 11:22,[],9,3,4,0,1,Python,49196,1,0,1,0,2,0,0,0,,,,,,,,,
Jesse989/basic-fantasy-rpg,https://github.com/Jesse989/basic-fantasy-rpg,FALSE,2/7/2019 2:21,"['phaser3', 'html5-game', 'game-development', 'game2d', 'javascript', 'es6', 'mmorpg', 'rpg']",7,2,2,0,3,JavaScript,2990,8,0,2,0,97,0,0,0,,,,,,,,,
NhanDoV/Kaggle-6-first-projects,https://github.com/NhanDoV/Kaggle-6-first-projects,FALSE,2/15/2020 12:16,[],16,2,5,0,1,Jupyter Notebook,36411,0,0,1,0,89,0,0,0,,,,,,,,,
orta/danger-plugin-spellcheck,https://github.com/orta/danger-plugin-spellcheck,FALSE,7/27/2017 22:03,[],22,3,13,1,6,TypeScript,542,10,3,7,2,78,0,0,0,,,,,,,,,
vjstark/crosslingual_text_classification,https://github.com/vjstark/crosslingual_text_classification,FALSE,5/4/2019 19:11,[],10,1,3,0,1,Python,4507,0,0,1,0,3,0,0,0,,,,,,,,,
jsfuentes/Code-Cheatsheet,https://github.com/jsfuentes/Code-Cheatsheet,FALSE,4/4/2018 5:36,[],9,2,3,0,2,,1258,0,0,1,0,86,0,0,1,,,,,,,,,
gynvael/arcanesector2,https://github.com/gynvael/arcanesector2,FALSE,1/6/2020 22:09,[],7,1,0,0,1,C++,26873,0,0,1,0,2,0,0,0,,,,,,,,,
bgoonz/python-scripts,https://github.com/bgoonz/python-scripts,FALSE,3/16/2021 19:39,[],12,0,0,0,9,Jupyter Notebook,157394,56,55,57,0,103,0,0,0,,,,,,,,,
Killea/mapledict,https://github.com/Killea/mapledict,FALSE,4/16/2019 20:10,"['dictionary', 'pyqt5', 'vuejs', 'flask', 'flask-restful']",9,2,0,1,1,Python,39369,18,18,19,1,42,0,0,0,,,,,,,,,
Dangetsu/vnr,https://github.com/Dangetsu/vnr,FALSE,9/26/2017 17:15,[],78,9,28,0,1,C++,40965,1,0,1,0,10,0,0,0,,,,,,,,,
VTTAssets/vtta-dndbeyond,https://github.com/VTTAssets/vtta-dndbeyond,FALSE,2/19/2020 22:09,[],26,6,16,61,11,JavaScript,1982,38,9,9,61,670,0,0,0,,,,,,,,,
bgior/weavelore,https://github.com/bgior/weavelore,FALSE,7/20/2019 16:16,"['5e-spells', 'vue', 'srd-spells', 'dnd-tools', 'dnd5e', 'dnd5e-tools', 'vue-cli']",8,2,2,0,3,Vue,1848,0,0,2,0,64,0,0,0,,,,,,,,,
MakhmoodSodikov/tehnikum_telegram_course,https://github.com/MakhmoodSodikov/tehnikum_telegram_course,FALSE,12/12/2020 12:49,[],8,3,5,0,3,Python,742,1,1,1,0,64,0,0,0,,,,,,,,,
a-tbd/itp-workshop,https://github.com/a-tbd/itp-workshop,FALSE,6/23/2018 21:41,[],5,1,0,0,1,,167763,0,0,1,0,40,0,0,0,,,,,,,,,
theajack/cnchar,https://github.com/theajack/cnchar,FALSE,4/5/2020 17:49,"['spell-stroke', 'draw', 'chinese-characters', 'pinyin', 'speak', 'voice-recognition']",1616,22,168,14,6,TypeScript,38729,6,1,19,19,314,0,0,144,,,,,,,,,
johnhany97/ocr-machine-learning,https://github.com/johnhany97/ocr-machine-learning,FALSE,11/30/2017 19:53,"['ocr', 'machine-learning', 'python', 'pca', 'knn', 'nearest-neighbor-classifier', 'classifier', 'error-correction', 'spelling-correction']",41,2,9,0,2,Python,26461,67,66,67,0,77,6,0,0,,,,,,,,,
joshzwiebel/Tweet-Sentiment-Extraction,https://github.com/joshzwiebel/Tweet-Sentiment-Extraction,FALSE,4/29/2020 5:14,"['sentiment', 'nlp', 'machine-learning']",7,0,4,0,3,Jupyter Notebook,35657,14,14,17,0,34,0,0,0,,,,,,,,,
gnoparus/bualabs,https://github.com/gnoparus/bualabs,FALSE,7/23/2019 5:08,"['python', 'javascript', 'jupyter-notebook', 'kotlin', 'machine-learning', 'deep-learning']",7,1,27,0,1,Jupyter Notebook,276624,0,0,1,0,772,0,0,0,,,,,,,,,
hrvojebusic/Tweet-sentiment-analysis,https://github.com/hrvojebusic/Tweet-sentiment-analysis,FALSE,12/28/2017 19:03,[],7,1,4,0,2,Python,331252,1,0,1,0,52,0,0,0,,,,,,,,,
austin-hwang/ai-scheduler,https://github.com/austin-hwang/ai-scheduler,FALSE,11/25/2018 17:49,[],5,1,0,0,2,OpenEdge ABL,3975,2,2,3,0,53,0,0,0,,,,,,,,,
ContextLab/brainfit-paper,https://github.com/ContextLab/brainfit-paper,FALSE,9/17/2021 13:52,"['paper', 'fitness', 'mental-health', 'cognitive-psychology']",10,3,1,2,1,Jupyter Notebook,215713,0,0,2,2,67,0,0,0,,,,,,,,,
yiliyassh/authority-data,https://github.com/yiliyassh/authority-data,FALSE,2/22/2022 6:42,"['shell', 'wget', 'awk', 'data', 'authority', 'free', 'crawler', 'statistics', 'python3']",33,5,7,0,1,Python,3574,1,0,1,0,114,0,0,0,,,,,,,,,
Romotron/edk2sdm,https://github.com/Romotron/edk2sdm,FALSE,6/17/2019 13:40,[],6,1,3,0,1,C,98495,0,0,1,0,3,0,0,0,,,,,,,,,
fpetras/google-translate-cli,https://github.com/fpetras/google-translate-cli,FALSE,1/23/2019 0:18,[],8,2,1,0,1,Python,9964,2,1,2,0,65,0,0,0,,,,,,,,,
dalegacusan/wildriftcommunitybuilds,https://github.com/dalegacusan/rift-builds,FALSE,1/24/2021 14:09,[],7,1,1,0,1,TypeScript,7170,0,0,1,0,113,0,0,0,,,,,,,,,
pemagrg1/Easy-Chatbot,https://github.com/pemagrg1/Easy-Chatbot,FALSE,11/18/2018 17:23,"['chatbot', 'aiml-bots', 'aiml', 'python3', 'easy-chat-bot', 'aiml-chatbot', 'bot', 'bot-using-python', 'easy-chatbot', 'simple-bot']",23,4,15,0,1,HTML,18592,3,0,1,0,34,0,0,0,,,,,,,,,
dsmentors/NLP_Study_Materials,https://github.com/dsmentors/NLP_Study_Materials,FALSE,4/1/2022 11:01,[],5,1,1,0,1,Jupyter Notebook,538,0,0,1,0,4,0,0,0,,,,,,,,,
wri-dssg-omdena/policy-data-analyzer,https://github.com/wri-dssg-omdena/policy-data-analyzer,FALSE,10/8/2020 1:43,"['nlp', 'sbert', 'sentence-transformers', 'huggingface', 'machine-learning', 'text-classification', 'document-classification', 'scraping', 'policy', 'environmental', 'data-science', 'bert', 'transformers', 'spyder', 'scrapy', 'topic', 'lda', 'active-learning', 'incentives', 'landscape-restoration']",24,3,10,0,9,Jupyter Notebook,237125,9,1,10,0,1063,1,0,0,,,,,,,,,
RX-M/api-bench,https://github.com/RX-M/api-bench,FALSE,5/22/2017 23:29,[],5,12,1,0,3,Python,14319,0,0,1,0,120,0,0,0,,,,,,,,,
Moix1/Python-Django-Complete-Real-Estate-Website,https://github.com/Moix1/Python-Django-Complete-Real-Estate-Website,FALSE,11/28/2018 13:57,[],26,3,17,0,1,Python,28558,1,0,1,0,12,1,0,0,,,,,,,,,
eugeneyan/fastapi-html,https://github.com/eugeneyan/fastapi-html,FALSE,7/25/2020 3:29,"['fastapi', 'python', 'html', 'jinja2', 'template']",52,5,13,0,1,Python,38,0,0,1,0,4,0,0,0,,,,,,,,,
NormalPlayerJSH/lol-banpick-observer,https://github.com/NormalPlayerJSH/lol-banpick-observer,FALSE,3/30/2021 15:56,"['lol', 'leagueoflegends', 'esports', 'observer', 'spectator']",21,3,9,1,1,JavaScript,34043,0,0,1,1,42,0,0,0,,,,,,,,,
gansiorag/NLP-russian-language,https://github.com/gansiorag/NLP-russian-language,FALSE,7/9/2021 4:36,[],5,2,1,0,1,Jupyter Notebook,663311,1,1,1,0,133,0,0,0,,,,,,,,,
alexmojaki/sorcery,https://github.com/alexmojaki/sorcery,FALSE,4/10/2018 6:10,"['python', 'python3', 'magic', 'ast', 'python-ast', 'language-extensions', 'language-extension']",334,13,20,0,3,Python,95,0,0,5,1,87,0,0,0,,,,,,,,,
timgates42/meticulous,https://github.com/timgates42/meticulous,FALSE,11/22/2019 6:35,[],32,1,10,0,6,Python,656,6,2,17,0,579,1,0,0,,,,,,,,,
firmai/techniques,https://github.com/firmai/techniques,FALSE,4/27/2019 4:04,[],72,8,32,0,2,Jupyter Notebook,804385,2,2,3,0,4,0,0,0,,,,,,,,,
azerothcore/wiki,https://github.com/azerothcore/wiki,FALSE,2/17/2019 14:41,['hacktoberfest'],46,13,317,0,80,CSS,7204,19,0,1,14,1363,18,0,1016,,,,,,,,,
caveman2cosmos/Caveman2Cosmos,https://github.com/caveman2cosmos/Caveman2Cosmos,FALSE,7/24/2019 17:17,"['civilization-mod', 'civilization-iv', 'civ4', 'game']",44,12,30,0,26,C++,1641920,123,9,25,519,6734,328,0,30,,,,,,,,,
ArpanSM/Machine_Learning_Hackathons,https://github.com/ArpanSM/Machine_Learning_Hackathons,FALSE,5/22/2020 15:36,"['autokeras', 'ocr', 'cyclic-learning-rate', 'lr-finder', 'imputation', 'hackathon', 'data-science', 'machine-learning', 'deep-learning', 'h2oai', 'kaggle', 'boosting', 'nlp', 'mice', 'hackathons', 'imputation-methods', 'pycaret', 'hyperparameter-optimization', 'hyperopt']",6,2,7,0,1,Jupyter Notebook,9317,0,0,1,0,43,0,0,38,,,,,,,,,
WoodProgrammer/Turkish-Language-NLP-API,https://github.com/WoodProgrammer/Turkish-Language-NLP-API,FALSE,2/2/2017 9:58,"['machine-learning', 'natural-language-processing', 'flask', 'api', 'restful', 'turkish', 'language']",10,1,5,0,2,Python,7584,0,0,1,0,76,0,0,0,,,,,,,,,
spellml/xgboost-liberty-mutual,https://github.com/spellml/xgboost-liberty-mutual,FALSE,5/25/2020 23:28,[],5,4,0,0,1,Jupyter Notebook,8,0,0,1,0,6,0,0,0,,,,,,,,,
arthurflor23/spelling-correction,https://github.com/arthurflor23/spelling-correction,FALSE,8/24/2019 1:54,[],25,2,8,0,1,Python,1051,0,0,1,0,114,0,0,0,,,,,,,,,
jakegrigsby/articanon,https://github.com/jakegrigsby/articanon,FALSE,9/11/2018 19:37,[],5,5,5,0,3,Python,293539,0,0,1,0,23,0,0,0,,,,,,,,,
lmachens/soc.gg,https://github.com/lmachens/soc.gg,FALSE,5/13/2022 8:59,"['songs-of-conquest', 'fansite', 'mantine', 'nextjs', 'react']",17,2,7,20,7,TypeScript,81620,9,0,1,20,289,119,0,243,,,,,,,,,
rackerlabs/docs-style-guide,https://github.com/rackerlabs/docs-style-guide,FALSE,2/15/2018 21:51,[],7,10,7,0,6,HTML,19401,2,2,4,0,287,0,0,2,,,,,,,,,
RTEMS/rtems-docs,https://github.com/RTEMS/rtems-docs,FALSE,10/19/2018 16:11,[],7,9,16,0,37,Python,15043,3,3,4,5,1246,0,0,0,,,,,,,,,
rpg-tips/resources,https://github.com/rpg-tips/resources,FALSE,3/21/2019 0:03,[],31,8,4,0,1,,961,1,0,1,0,9,0,0,0,,,,,,,,,
anton-l/wav2vec-toolkit,https://github.com/anton-l/wav2vec-toolkit,FALSE,4/2/2021 18:28,[],29,7,10,0,4,Python,26,1,1,1,0,9,0,0,0,,,,,,,,,
ukairia777/tensorflow-nlp-tutorial,https://github.com/ukairia777/tensorflow-nlp-tutorial,FALSE,12/30/2021 6:30,"['tensorflow', 'nlp', 'natural-language-processing', 'question-answering', 'named-entity-recognition', 'bert-ner', 'bert', 'nlp-tutorial', 'keras-tutorial']",306,3,139,0,1,Jupyter Notebook,132155,3,1,1,0,186,0,0,0,,,,,,,,,
selenaqian/sanborn-maps-navigator,https://github.com/selenaqian/sanborn-maps-navigator,FALSE,6/19/2020 15:41,[],6,2,2,0,1,Jupyter Notebook,118121,0,0,1,0,158,0,0,71,,,,,,,,,
Amadeus-System/07.Natural-Language-Processing,https://github.com/Amadeus-System/07.Natural-Language-Processing,FALSE,2/28/2021 16:51,"['natural-language-processing', 'word-embeddings', 'text-classification', 'attention-mechanism', 'transformer', 'bert']",5,1,3,0,1,Jupyter Notebook,4205,0,0,1,0,110,0,0,0,,,,,,,,,
CY-1/dailyfresh,https://github.com/CY-1/dailyfresh,FALSE,4/22/2020 3:28,"['django', 'b2b', 'celery', 'fastdfs-nginx']",14,2,8,0,1,Python,47059,5,0,1,0,73,0,0,0,,,,,,,,,
lukoshkin/text2video,https://github.com/lukoshkin/text2video,FALSE,7/5/2019 17:47,"['dl', 'gan', 'text-processing', 'video-generation', 'text-to-video', 'convgru']",28,3,7,0,1,Python,5987,0,0,4,0,46,0,0,0,,,,,,,,,
qcri/ArabicSpellChecker,https://github.com/qcri/ArabicSpellChecker,FALSE,7/2/2018 9:24,"['arabic', 'spellchecker', 'spelling-correction', 'farasa']",8,8,4,0,1,Java,21117,0,0,1,0,4,0,0,0,,,,,,,,,
sayemimtiaz/kaggle-notebooks,https://github.com/sayemimtiaz/kaggle-notebooks,FALSE,9/17/2021 17:15,[],6,2,5,0,0,Jupyter Notebook,1005238,0,0,1,0,2,0,0,0,,,,,,,,,
Josiah-tan/plover-vim,https://github.com/Josiah-tan/plover-vim,FALSE,11/29/2021 11:25,"['vim', 'plover']",6,1,1,0,1,Python,373,0,0,1,0,141,0,0,0,,,,,,,,,
HackerSpace-PESU/pesu-academy-bot,https://github.com/HackerSpace-PESU/pesu-academy-bot,FALSE,5/26/2021 15:46,"['bot', 'discord-bot', 'discord', 'discord-py', 'discord-rewrite', 'hacktoberfest', 'hacktoberfest2021']",20,1,9,0,5,Python,235,5,1,3,0,237,0,0,0,,,,,,,,,
Yididya/amharic_spell_corrector,https://github.com/Yididya/amharic_spell_corrector,FALSE,7/9/2018 14:01,"['amharic-corpus', 'amharic-words', 'crawling', 'symspell', 'spelling-correction']",21,3,9,0,2,Python,2969,1,0,1,0,9,4,0,0,,,,,,,,,
aquasecurity/vuln-list,https://github.com/aquasecurity/vuln-list,FALSE,4/30/2019 1:14,[],310,18,99,0,9,,17587415,10,2,2,0,36231,0,0,0,,,,,,,,,
yashspr/sentiment_analysis_ml_part,https://github.com/yashspr/sentiment_analysis_ml_part,FALSE,4/17/2020 11:13,['sentiment-analysis'],20,1,11,0,1,Python,10601,2,2,3,0,18,0,0,0,,,,,,,,,
Azure/embedded-wireless-framework,https://github.com/Azure/embedded-wireless-framework,FALSE,7/6/2022 17:46,[],27,5,15,0,4,C,28406,7,3,2,1,33,0,0,3,,,,,,,,,
uds-se/debuggingbook,https://github.com/uds-se/debuggingbook,FALSE,9/27/2020 12:05,"['debuggers', 'jupyter-notebooks', 'debugging', 'debugging-tools', 'python', 'textbook', 'interactive-notebooks', 'automated-debugging']",122,12,24,1,8,Python,967179,7,5,6,1,2962,1,0,539,,,,,,,,,
veshboo/emacs,https://github.com/veshboo/emacs,FALSE,11/8/2017 9:56,[],116,13,11,0,258,Emacs Lisp,279100,9,1,1,0,131421,0,0,0,,,,,,,,,
noctrog/cnn_image_captioning,https://github.com/noctrog/cnn_image_captioning,FALSE,9/16/2019 16:40,[],7,5,0,0,2,Python,41543,1,0,2,0,63,0,0,0,,,,,,,,,
NITDgpOS/MemeFinder,https://github.com/NITDgpOS/MemeFinder,FALSE,12/31/2017 8:52,"['ocr', 'memes', 'reddit', 'scraper', 'python', 'tkinter', 'search-engine', 'nltk']",42,6,22,0,11,Python,245525,10,0,2,0,77,0,0,0,,,,,,,,,
mromanello/ADA-DHOxSS,https://github.com/mromanello/ADA-DHOxSS,FALSE,6/4/2019 16:20,"['applied-data-analysis', 'humanities', 'dhoxss', 'digital-humanities', 'data-science']",23,5,5,2,2,Jupyter Notebook,143251,0,0,3,2,121,0,0,0,,,,,,,,,
doug-101/TreeLine,https://github.com/doug-101/TreeLine,FALSE,4/15/2018 19:00,[],106,13,15,11,2,Python,5502,10,1,2,13,344,0,0,75,,,,,,,,,
helloram52/automated-event-extraction,https://github.com/helloram52/automated-event-extraction,FALSE,1/27/2017 0:40,[],34,3,11,0,2,Python,377,1,0,1,0,21,0,0,0,,,,,,,,,
SmartDataAnalytics/MA-INF-4222-NLP-Lab,https://github.com/SmartDataAnalytics/MA-INF-4222-NLP-Lab,FALSE,7/27/2017 13:54,"['natural-language-processing', 'nlp', 'university-project', 'university-of-bonn', 'sda', 'labs']",15,4,42,0,38,Jupyter Notebook,413770,30,30,31,0,519,0,0,173,,,,,,,,,
tadityasrinivas/quora_semantic_equivalence,https://github.com/tadityasrinivas/quora_semantic_equivalence,FALSE,2/4/2017 9:05,"['machinelearning', 'natural-language-processing', 'lstm', 'deep-learning']",7,2,1,0,1,Python,18,0,0,1,0,9,0,0,0,,,,,,,,,
EbryxLabs/__DFIR-scripts,https://github.com/EbryxLabs/__DFIR-scripts,FALSE,2/23/2019 22:59,[],13,5,3,0,5,Python,1819,1,1,2,0,75,0,0,0,,,,,,,,,
Abdelrahmanrezk/Arabic-Hands-on-Analysis-Clustering-and-Classification-of-Large-Arabic-Twitter-Data-set-on-COVID19,https://github.com/Abdelrahmanrezk/Arabic-Hands-on-Analysis-Clustering-and-Classification-of-Large-Arabic-Twitter-Data-set-on-COVID19,FALSE,1/17/2021 12:44,[],6,2,1,0,1,Jupyter Notebook,206856,0,0,1,0,13,0,0,0,,,,,,,,,
pawandeep2155/Video-Captioning-Using-Object-Trajectory-Features,https://github.com/pawandeep2155/Video-Captioning-Using-Object-Trajectory-Features,FALSE,11/27/2018 5:09,[],18,1,2,0,1,Python,72009,2,0,1,0,17,0,0,0,,,,,,,,,
ma-ji/npo_classifier,https://github.com/ma-ji/npo_classifier,FALSE,7/23/2018 20:24,"['ntee', 'bert', 'nonprofit-organizations', 'classification-algorithm', 'machine-learning', 'computational-social-science']",17,1,4,0,5,Jupyter Notebook,1891699,3,2,6,0,328,0,0,0,,,,,,,,,
Snakybo/Clicked,https://github.com/Snakybo/Clicked,FALSE,8/20/2020 17:22,"['world-of-warcraft', 'world-of-warcraft-addon', 'wow-addon']",20,4,4,87,3,Lua,2820,11,0,2,88,842,0,0,0,,,,,,,,,
NTDXYG/BASHEXPLAINER,https://github.com/NTDXYG/BASHEXPLAINER,FALSE,6/15/2022 12:03,[],6,1,1,0,2,Python,3913,1,0,1,0,13,0,0,0,,,,,,,,,
NateHawk85/Nathans-DnD5e-Foundry-Modules,https://github.com/NateHawk85/Nathans-DnD5e-Foundry-Modules,FALSE,12/2/2020 18:26,[],99,15,6,0,2,JavaScript,1061,2,0,2,0,87,0,0,0,,,,,,,,,
lucaslopes/hedonic,https://github.com/lucaslopes/hedonic,FALSE,12/7/2018 10:08,"['clustering', 'partitioning', 'game-theory', 'hedonic-games', 'graph', 'network']",10,2,0,0,1,Python,120972,1,0,3,0,109,2,0,21,,,,,,,,,
demisto/demisto-sdk,https://github.com/demisto/demisto-sdk,FALSE,11/3/2019 11:36,[],51,21,56,127,83,Python,32568,74,56,181,143,4279,6,0,0,,,,,,,,,
CephalonWiki/cephalon-wiki,https://github.com/CephalonWiki/cephalon-wiki,FALSE,9/15/2018 22:04,[],6,0,0,0,4,Python,522,0,0,3,0,203,0,0,0,,,,,,,,,
AIVLE-School-first-Big-Project/B-A-Writer,https://github.com/AIVLE-School-first-Big-Project/B-A-Writer,FALSE,4/15/2022 2:06,5,0,6,0,6,Python,7138,0,0,10,0,265,0,0,0,,,,,,,,,,
cole-wilson/lightningedit,https://github.com/cole-wilson/lightningedit,FALSE,6/11/2021 21:21,[],14,1,1,0,1,Python,110,0,0,1,0,73,0,0,0,,,,,,,,,
dsc-umass/social-insights,https://github.com/dsc-umass/social-insights,FALSE,11/18/2019 4:47,"['search-engine', 'social-insights', 'dataproc', 'visualizations', 'python', 'react']",10,6,4,0,7,Jupyter Notebook,38560,18,5,17,0,249,0,0,0,,,,,,,,,
digiah/oldOCR,https://github.com/digiah/oldOCR,FALSE,1/2/2017 19:19,[],7,5,2,0,5,HTML,400389,5,0,1,0,44,0,0,0,,,,,,,,,
IBM/watson-tts-python,https://github.com/IBM/watson-tts-python,FALSE,11/29/2021 20:09,[],16,5,2,0,7,Python,64,2,0,3,0,58,0,0,0,,,,,,,,,
Difio3333/slaythetext,https://github.com/Difio3333/slaythetext,FALSE,12/24/2021 16:15,[],6,1,0,4,1,Python,688,4,0,1,4,61,1,0,0,,,,,,,,,
CalsRanna/foxy,https://github.com/CalsRanna/foxy,FALSE,6/9/2020 16:08,[],8,3,5,22,1,Vue,36498,3,3,4,22,455,0,0,0,,,,,,,,,
wa3dbk/ScribeSalad,https://github.com/wa3dbk/ScribeSalad,FALSE,12/1/2018 0:10,"['youtube-video', 'youtube-videos-transcripts', 'joe-rogan-experience', 'jordan-b-peterson', 'artificial-intelligence', 'history', 'social-issues', 'politics', 'yalecourses', 'science', 'video', 'multilingual', 'transcripts']",43,8,24,0,1,,10963400,2,2,2,0,2241,0,0,0,,,,,,,,,
MakhmoodSodikov/spell,https://github.com/MakhmoodSodikov/spell,FALSE,1/10/2021 12:35,[],5,2,0,0,1,Python,6,0,0,1,0,5,0,0,0,,,,,,,,,
hctnm2/Open-Source-Enthusiast,https://github.com/hctnm2/Open-Source-Enthusiast,FALSE,9/29/2021 4:09,"['hacktoberfest', 'hacktoberfest-accepted', 'hacktoberfest2021', 'pull-requests', 'beginner-friendly', 'hacktoberfestnepal', 'opensource']",101,0,330,0,212,C++,3093,3,3,1,0,618,0,0,235,,,,,,,,,
h2oai/driverlessai-recipes,https://github.com/h2oai/driverlessai-recipes,FALSE,3/6/2019 3:26,[],202,97,82,0,49,Python,34397,27,11,76,0,1916,17,0,0,,,,,,,,,
derlem/kanarya,https://github.com/derlem/kanarya,FALSE,2/14/2019 9:17,[],22,5,3,1,6,Python,57483,5,2,4,1,297,0,0,0,,,,,,,,,
yannikkellerde/BERT-Defense,https://github.com/yannikkellerde/BERT-Defense,FALSE,6/4/2020 15:07,[],5,2,1,0,3,Python,165459,0,0,1,0,172,0,0,0,,,,,,,,,
Apress/natural-language-processing-recipes,https://github.com/Apress/natural-language-processing-recipes,FALSE,2/20/2019 13:39,[],23,4,28,0,0,Jupyter Notebook,54,3,0,1,0,1,0,0,0,,,,,,,,,
MrPrimate/ddb-importer,https://github.com/MrPrimate/ddb-importer,FALSE,10/11/2020 11:20,[],126,6,49,395,19,JavaScript,19422,27,1,3,395,2768,1,0,0,,,,,,,,,
eyllanesc/QtExamples,https://github.com/eyllanesc/QtExamples,FALSE,4/22/2020 22:29,"['pyside2', 'pyqt5', 'qt', 'qt5', 'python', 'pyqt']",45,1,11,0,1,Python,8650,2,1,2,0,70,0,0,0,,,,,,,,,
alexschultz/ReadToMe,https://github.com/alexschultz/ReadToMe,FALSE,2/4/2018 23:16,"['mxnet', 'deeplens', 'aws-polly', 'ocr', 'opencv', 'greengrass', 'tesseract']",51,6,14,0,1,Jupyter Notebook,223345,3,2,3,0,37,0,0,0,,,,,,,,,
sushant097/Handwritten-Line-Text-Recognition-using-Deep-Learning-with-Tensorflow,https://github.com/sushant097/Handwritten-Line-Text-Recognition-using-Deep-Learning-with-Tensorflow,FALSE,8/7/2019 13:16,"['cnn', 'blstm', 'tensorflow', 'deep-neural-networks', 'handwritten-text-recognition', 'iam-dataset', 'crnn-tensorflow', 'python3', 'deep-learning', 'recurrent-neural-network', 'ctc-loss']",213,12,104,0,2,Python,2285,2,0,1,0,37,2,0,0,,,,,,,,,
yar0d/mausritter-sheet,https://github.com/yar0d/mausritter-sheet,FALSE,2/27/2021 7:28,"['character-sheet', 'mausritter-sheet', 'desktop-application', 'mausritter', 'rpg']",5,1,0,16,2,Vue,16204,9,3,12,52,161,0,0,0,,,,,,,,,
TrainingByPackt/Natural-Language-Processing-Fundamentals,https://github.com/TrainingByPackt/Natural-Language-Processing-Fundamentals,FALSE,11/6/2018 13:13,"['nlp', 'natural-language-processing', 'python', 'tokenization', 'supervised', 'unsupervised', 'linear-regression', 'pandas', 'scikit-learn', 'binary-classifier', 'latent-dirichlet-allocation', 'lda', 'api', 'markov-chain']",40,8,46,0,4,Jupyter Notebook,379245,0,0,1,0,109,0,0,0,,,,,,,,,
SaiAshish-Konchada/Python-Projects-for-Beginners,https://github.com/SaiAshish-Konchada/Python-Projects-for-Beginners,FALSE,1/19/2021 13:23,"['python', 'project', 'beginner']",6,1,3,0,1,Jupyter Notebook,2714,0,0,1,0,64,1,0,0,,,,,,,,,
fadymedhat/TMIXT,https://github.com/fadymedhat/TMIXT,FALSE,4/28/2019 16:19,[],9,1,3,0,1,HTML,62091,2,0,1,0,30,0,0,0,,,,,,,,,
barrust/pyspellchecker,https://github.com/barrust/pyspellchecker,FALSE,2/24/2018 1:21,"['spellcheck', 'spellchecker', 'python', 'levenshtein-distance', 'spelling-checker', 'python-spell-checking']",532,8,81,25,7,Python,70171,10,2,1,26,97,0,0,0,,,,,,,,,
pragnakalp/spellcheck-using-dictionary-in-python,https://github.com/pragnakalp/spellcheck-using-dictionary-in-python,FALSE,9/24/2018 13:51,"['python', 'spellchecker', 'spellcheck', 'fuzzywuzzy', 'string', 'matching']",16,2,15,0,1,Python,66,2,0,1,0,10,0,0,0,,,,,,,,,
spellml/unet-bob-ross,https://github.com/spellml/unet-bob-ross,FALSE,5/25/2020 21:31,[],11,5,0,0,1,Jupyter Notebook,543,0,0,1,0,17,0,0,0,,,,,,,,,
Soldelli/VLG-Net,https://github.com/Soldelli/VLG-Net,FALSE,9/29/2021 11:11,[],24,3,2,0,1,Python,121,2,0,1,0,9,0,0,0,,,,,,,,,
NhanDoV/Lectures_notes-teaching-in-VN-,https://github.com/NhanDoV/Lectures_notes-teaching-in-VN-,FALSE,3/5/2020 9:54,[],15,2,7,0,1,Jupyter Notebook,202273,1,1,2,0,547,0,0,0,,,,,,,,,
AymanKh/Text-Clustering,https://github.com/AymanKh/Text-Clustering,FALSE,6/11/2019 10:59,[],5,2,4,0,1,Python,2793,0,0,1,0,4,0,0,0,,,,,,,,,
sun-yitao/PsychicLearners,https://github.com/sun-yitao/PsychicLearners,FALSE,2/24/2019 11:09,[],7,2,0,0,1,Jupyter Notebook,63369,2,2,5,0,309,0,0,0,,,,,,,,,
Vibhu-Agarwal/potter_spells,https://github.com/Vibhu-Agarwal/potter_spells,FALSE,11/23/2018 11:03,"['harry', 'potter', 'harry-potter', 'harry-potter-spells', 'pypi', 'python', 'python-package', 'python-library']",5,0,4,1,3,Python,17,7,2,3,1,12,0,0,0,,,,,,,,,
adventurerscodex/uat,https://github.com/adventurerscodex/uat,FALSE,5/23/2017 4:57,"['testing', 'test-automation', 'selenium', 'dnd', 'dnd5e', 'python3', 'rpg']",7,4,5,0,4,Python,358,23,2,11,0,267,2,0,0,,,,,,,,,
fmehralian/COALA,https://github.com/fmehralian/COALA,FALSE,6/5/2021 9:39,[],6,1,1,2,1,Python,56,0,0,1,2,13,0,0,0,,,,,,,,,
